Team,Opponent,Matches,Wins,Draws,Losses
South Africa,Australia,21,11,4,6
South Africa,Zimbabwe,14,9,2,3
South Africa,Angola,12,8,4,0
South Africa,Egypt,13,7,1,5
South Africa,Zambia,15,7,3,5
South Africa,Ghana,15,6,4,5
South Africa,Mozambique,7,6,1,0
South Africa,Malawi,6,6,0,0
South Africa,Lesotho,9,6,2,1
South Africa,Burkina Faso,9,5,3,1
South Africa,New Zealand,6,5,1,0
South Africa,Namibia,7,4,3,0
South Africa,Morocco,9,4,3,2
South Africa,Congo,9,4,4,1
South Africa,DR Congo,6,4,1,1
South Africa,Uganda,6,4,2,0
South Africa,Botswana,5,4,1,0
South Africa,Cameroon,10,3,5,2
South Africa,Tunisia,7,3,1,3
South Africa,Benin,3,3,0,0
South Africa,Cape Verde,6,3,1,2
South Africa,Kenya,4,3,0,1
South Africa,Sudan,4,3,0,1
South Africa,Madagascar,3,3,0,0
South Africa,Nigeria,16,2,6,8
South Africa,Senegal,10,2,3,5
South Africa,Ivory Coast,8,2,5,1
South Africa,Mali,6,2,1,3
South Africa,Gabon,2,2,0,0
South Africa,Costa Rica,2,2,0,0
South Africa,Liberia,4,2,2,0
South Africa,Central Africa,2,2,0,0
South Africa,Equat. Guinea,3,2,1,0
South Africa,Eswatini,3,2,1,0
South Africa,Ethiopia,5,2,1,2
South Africa,Burundi,2,2,0,0
South Africa,Chad,2,2,0,0
South Africa,Mauritius,3,2,1,0
South Africa,Tanzania,3,2,1,0
South Africa,São Tomé and P.,2,2,0,0
South Africa,Zaire,2,2,0,0
South Africa,South Sudan,2,2,0,0
South Africa,Spain,4,1,0,3
South Africa,France,5,1,1,3
South Africa,Scotland,2,1,0,1
South Africa,Turkiye,1,1,0,0
South Africa,Denmark,3,1,2,0
South Africa,Argentina,3,1,1,1
South Africa,Norway,3,1,0,2
South Africa,Poland,2,1,0,1
South Africa,Canada,1,1,0,0
South Africa,Sweden,3,1,1,1
South Africa,Seychelles,2,1,1,0
South Africa,Paraguay,5,1,3,1
South Africa,Malta,1,1,0,0
South Africa,Slovenia,1,1,0,0
South Africa,Algeria,6,1,4,1
South Africa,Jamaica,5,1,4,0
South Africa,Guinea-Bissau,1,1,0,0
South Africa,Saudi Arabia,4,1,2,1
South Africa,Colombia,1,1,0,0
South Africa,Rwanda,2,1,0,1
South Africa,Guinea,4,1,1,2
South Africa,Israel,1,1,0,0
South Africa,Thailand,1,1,0,0
South Africa,The Gambia,2,1,1,0
South Africa,Sierra Leone,5,1,3,1
South Africa,Mexico,4,1,1,2
South Africa,Libya,2,1,1,0
South Africa,Trinidad,2,1,0,1
South Africa,Guatemala,2,1,1,0
South Africa,Niger,3,1,1,1
South Africa,Rhodesia,2,1,1,0
South Africa,Germany,4,0,1,3
South Africa,England,2,0,0,2
South Africa,Portugal,2,0,0,2
South Africa,Italy,2,0,0,2
South Africa,Netherlands,2,0,0,2
South Africa,Bulgaria,1,0,1,0
South Africa,Japan,1,0,1,0
South Africa,Serbia,1,0,0,1
South Africa,Brazil,5,0,0,5
South Africa,Czechia,1,0,1,0
South Africa,Bosnia,1,0,0,1
South Africa,Uruguay,3,0,1,2
South Africa,USA,3,0,0,3
South Africa,Ireland,2,0,0,2
South Africa,Iraq,1,0,1,0
South Africa,Iceland,3,0,1,2
South Africa,Panama,3,0,1,2
South Africa,Honduras,1,0,1,0
South Africa,Georgia,1,0,0,1
South Africa,Chile,1,0,0,1
South Africa,UAE,1,0,0,1
South Africa,Bolivia,1,0,0,1
South Africa,Ecuador,1,0,1,0
South Africa,Andorra,1,0,1,0
South Africa,Mauritania,2,0,1,1
South Africa,Nicaragua,1,0,1,0
South Africa,North Korea,1,0,1,0
Germany,Switzerland,55,37,9,9
Germany,Austria,41,25,6,10
Germany,Belgium,26,20,1,5
Germany,Netherlands,48,18,18,12
Germany,Finland,24,17,6,1
Germany,Bulgaria,21,16,2,3
Germany,Denmark,29,16,5,8
Germany,Sweden,37,16,8,13
Germany,England,38,15,7,16
Germany,Norway,22,15,5,2
Germany,Hungary,40,15,13,12
Germany,N. Ireland,21,15,4,2
Germany,Turkiye,22,14,4,4
Germany,Luxembourg,15,14,0,1
Germany,Yugoslavia,25,14,4,7
Germany,Poland,22,13,7,2
Germany,Albania,14,13,1,0
Germany,France,35,12,7,16
Germany,Portugal,20,11,5,4
Germany,Italy,39,11,13,15
Germany,Romania,15,10,3,2
Germany,ČSR,18,10,4,4
Germany,Spain,27,9,9,9
Germany,Scotland,18,9,5,4
Germany,Slovakia,13,9,0,4
Germany,Ireland,20,9,5,6
Germany,Wales,17,9,6,2
Germany,CIS,13,9,1,3
Germany,Argentina,23,8,5,10
Germany,Uruguay,11,8,2,1
Germany,USA,12,8,0,4
Germany,Malta,9,8,1,0
Germany,Greece,10,7,3,0
Germany,Czechia,9,7,0,2
Germany,Russia,7,6,1,0
Germany,Chile,9,6,1,2
Germany,Liechtenstein,6,6,0,0
Germany,Mexico,13,6,5,2
Germany,Azerbaijan,6,6,0,0
Germany,Brazil,23,5,5,13
Germany,Croatia,8,5,1,2
Germany,Iceland,6,5,1,0
Germany,Cyprus,6,5,1,0
Germany,Georgia,5,5,0,0
Germany,Ukraine,10,5,5,0
Germany,Israel,5,5,0,0
Germany,Estonia,5,5,0,0
Germany,Armenia,5,5,0,0
Germany,Australia,6,4,1,1
Germany,Morocco,4,4,0,0
Germany,Moldova,4,4,0,0
Germany,Kazakhstan,4,4,0,0
Germany,Faroe Islands,4,4,0,0
Germany,San Marino,4,4,0,0
Germany,Cameroon,4,3,1,0
Germany,Ghana,4,3,1,0
Germany,Bosnia,4,3,1,0
Germany,Latvia,4,3,1,0
Germany,Peru,3,3,0,0
Germany,South Africa,4,3,1,0
Germany,Saudi Arabia,3,3,0,0
Germany,UAE,3,3,0,0
Germany,Belarus,3,2,1,0
Germany,Canada,2,2,0,0
Germany,Iran,2,2,0,0
Germany,South Korea,4,2,0,2
Germany,Colombia,5,2,2,1
Germany,Ecuador,2,2,0,0
Germany,Costa Rica,2,2,0,0
Germany,Oman,2,2,0,0
Germany,Saar,2,2,0,0
Germany,Gibraltar,2,2,0,0
Germany,Kuwait,1,1,0,0
Germany,Japan,4,1,1,2
Germany,Serbia,3,1,1,1
Germany,Nigeria,1,1,0,0
Germany,Paraguay,2,1,1,0
Germany,Slovenia,1,1,0,0
Germany,Algeria,3,1,0,2
Germany,Tunisia,3,1,2,0
Germany,Lithuania,2,1,1,0
Germany,North Macedonia,2,1,0,1
Germany,Bolivia,1,1,0,0
Germany,China,2,1,1,0
Germany,Thailand,1,1,0,0
Germany,New Zealand,1,1,0,0
Germany,Serbia-Mont.,1,1,0,0
Germany,Ivory Coast,1,0,1,0
Germany,United Arab Rep.,1,0,0,1
Germany,East Germany,1,0,0,1
Germany,England Ama.,1,0,0,1
Saudi Arabia,Yemen,21,19,2,0
Saudi Arabia,Bahrain,28,15,8,5
Saudi Arabia,UAE,23,14,5,4
Saudi Arabia,Kuwait,31,13,8,10
Saudi Arabia,Iraq,29,12,8,9
Saudi Arabia,Indonesia,15,12,2,1
Saudi Arabia,Thailand,13,11,2,0
Saudi Arabia,Oman,17,11,2,4
Saudi Arabia,China,22,10,5,7
Saudi Arabia,Qatar,26,8,12,6
Saudi Arabia,Uzbekistan,12,7,1,4
Saudi Arabia,Syria,11,7,2,2
Saudi Arabia,Singapore,8,7,1,0
Saudi Arabia,Malaysia,10,7,2,1
Saudi Arabia,Iran,15,6,4,5
Saudi Arabia,South Korea,18,6,5,7
Saudi Arabia,Japan,18,5,2,11
Saudi Arabia,Lebanon,7,5,1,1
Saudi Arabia,India,5,5,0,0
Saudi Arabia,Bangladesh,5,5,0,0
Saudi Arabia,North Korea,9,5,2,2
Saudi Arabia,Hong Kong,5,5,0,0
Saudi Arabia,Vietnam,4,4,0,0
Saudi Arabia,New Zealand,7,4,1,2
Saudi Arabia,Jordan,10,4,1,5
Saudi Arabia,Iceland,6,3,2,1
Saudi Arabia,Algeria,6,3,2,1
Saudi Arabia,Zambia,5,3,1,1
Saudi Arabia,Kyrgyzstan,3,3,0,0
Saudi Arabia,Turkmenistan,4,3,1,0
Saudi Arabia,Sri Lanka,3,3,0,0
Saudi Arabia,Palestine,8,3,5,0
Saudi Arabia,Australia,12,2,4,6
Saudi Arabia,Senegal,2,2,0,0
Saudi Arabia,USA,8,2,2,4
Saudi Arabia,Namibia,2,2,0,0
Saudi Arabia,Afghanistan,2,2,0,0
Saudi Arabia,Tunisia,7,2,1,4
Saudi Arabia,Jamaica,5,2,1,2
Saudi Arabia,Egypt,8,2,1,5
Saudi Arabia,Togo,2,2,0,0
Saudi Arabia,North Macedonia,3,2,1,0
Saudi Arabia,Kazakhstan,2,2,0,0
Saudi Arabia,Tajikistan,3,2,1,0
Saudi Arabia,Pakistan,2,2,0,0
Saudi Arabia,Chinese Taipei,2,2,0,0
Saudi Arabia,Mongolia,2,2,0,0
Saudi Arabia,Bhutan,2,2,0,0
Saudi Arabia,Macau,2,2,0,0
Saudi Arabia,Timor-Leste,2,2,0,0
Saudi Arabia,Greece,3,1,1,1
Saudi Arabia,Belgium,3,1,0,2
Saudi Arabia,Bulgaria,3,1,0,2
Saudi Arabia,Cameroon,2,1,0,1
Saudi Arabia,Argentina,5,1,2,2
Saudi Arabia,Ghana,4,1,2,1
Saudi Arabia,Finland,3,1,1,1
Saudi Arabia,Russia,2,1,0,1
Saudi Arabia,Uruguay,3,1,1,1
Saudi Arabia,Canada,1,1,0,0
Saudi Arabia,Latvia,1,1,0,0
Saudi Arabia,Morocco,3,1,0,2
Saudi Arabia,Luxembourg,1,1,0,0
Saudi Arabia,Ivory Coast,1,1,0,0
Saudi Arabia,Mali,4,1,1,2
Saudi Arabia,Congo,1,1,0,0
Saudi Arabia,South Africa,4,1,2,1
Saudi Arabia,DR Congo,1,1,0,0
Saudi Arabia,Gabon,2,1,0,1
Saudi Arabia,Moldova,2,1,0,1
Saudi Arabia,Estonia,3,1,1,1
Saudi Arabia,The Gambia,1,1,0,0
Saudi Arabia,Trinidad,3,1,1,1
Saudi Arabia,Costa Rica,5,1,0,4
Saudi Arabia,Azerbaijan,1,1,0,0
Saudi Arabia,Sudan,1,1,0,0
Saudi Arabia,Equat. Guinea,1,1,0,0
Saudi Arabia,Uganda,2,1,1,0
Saudi Arabia,Haiti,1,1,0,0
Saudi Arabia,Tanzania,1,1,0,0
Saudi Arabia,Nepal,1,1,0,0
Saudi Arabia,Comoros,1,1,0,0
Saudi Arabia,Puerto Rico,1,1,0,0
Saudi Arabia,Germany,3,0,0,3
Saudi Arabia,England,2,0,2,0
Saudi Arabia,Portugal,2,0,0,2
Saudi Arabia,Spain,3,0,0,3
Saudi Arabia,Italy,1,0,0,1
Saudi Arabia,France,1,0,0,1
Saudi Arabia,Netherlands,1,0,0,1
Saudi Arabia,Scotland,1,0,1,0
Saudi Arabia,Turkiye,3,0,0,3
Saudi Arabia,Denmark,3,0,0,3
Saudi Arabia,Serbia,1,0,0,1
Saudi Arabia,Brazil,5,0,0,5
Saudi Arabia,Norway,1,0,0,1
Saudi Arabia,Poland,4,0,0,4
Saudi Arabia,Nigeria,2,0,2,0
Saudi Arabia,Czechia,2,0,1,1
Saudi Arabia,Belarus,1,0,1,0
Saudi Arabia,Hungary,2,0,2,0
Saudi Arabia,Slovakia,1,0,1,0
Saudi Arabia,Venezuela,2,0,0,2
Saudi Arabia,Ireland,1,0,0,1
Saudi Arabia,Croatia,1,0,0,1
Saudi Arabia,Sweden,3,0,1,2
Saudi Arabia,Panama,1,0,1,0
Saudi Arabia,Paraguay,2,0,2,0
Saudi Arabia,Zimbabwe,1,0,0,1
Saudi Arabia,Peru,1,0,0,1
Saudi Arabia,Slovenia,1,0,0,1
Saudi Arabia,Cyprus,1,0,1,0
Saudi Arabia,Georgia,1,0,0,1
Saudi Arabia,Ukraine,2,0,1,1
Saudi Arabia,Chile,2,0,1,1
Saudi Arabia,Colombia,1,0,0,1
Saudi Arabia,Wales,1,0,0,1
Saudi Arabia,Bolivia,3,0,2,1
Saudi Arabia,Liechtenstein,1,0,0,1
Saudi Arabia,Ecuador,2,0,1,1
Saudi Arabia,Mexico,7,0,1,6
Saudi Arabia,Libya,2,0,0,2
Algeria,Tunisia,32,12,11,9
Algeria,Senegal,21,11,5,5
Algeria,Nigeria,18,9,1,8
Algeria,Niger,11,9,1,1
Algeria,Egypt,18,8,6,4
Algeria,Mali,15,8,2,5
Algeria,Ivory Coast,16,7,5,4
Algeria,Burkina Faso,20,7,7,6
Algeria,Libya,9,7,1,1
Algeria,Uganda,8,7,1,0
Algeria,Rwanda,8,6,2,0
Algeria,Guinea,16,6,5,5
Algeria,Benin,7,6,0,1
Algeria,Zambia,12,5,3,4
Algeria,Tanzania,9,5,4,0
Algeria,Namibia,4,4,0,0
Algeria,Morocco,20,4,8,8
Algeria,Togo,6,4,0,2
Algeria,Mozambique,5,4,0,1
Algeria,The Gambia,8,4,2,2
Algeria,Sudan,7,4,2,1
Algeria,Ethiopia,7,4,2,1
Algeria,Mauritania,5,4,0,1
Algeria,Botswana,4,4,0,0
Algeria,Ghana,8,3,2,3
Algeria,Cape Verde,6,3,2,1
Algeria,Malawi,6,3,1,2
Algeria,Liberia,5,3,2,0
Algeria,Burundi,4,3,1,0
Algeria,Qatar,5,3,1,1
Algeria,Oman,3,3,0,0
Algeria,Germany,3,2,0,1
Algeria,Turkiye,3,2,0,1
Algeria,Cameroon,11,2,3,6
Algeria,Romania,5,2,2,1
Algeria,Seychelles,2,2,0,0
Algeria,Iran,5,2,0,3
Algeria,Zimbabwe,7,2,4,1
Algeria,Malta,3,2,1,0
Algeria,DR Congo,6,2,4,0
Algeria,UAE,6,2,2,2
Algeria,Sierra Leone,4,2,2,0
Algeria,Kenya,4,2,0,2
Algeria,Central Africa,3,2,0,1
Algeria,Equat. Guinea,4,2,1,1
Algeria,Lesotho,2,2,0,0
Algeria,Somalia,2,2,0,0
Algeria,Djibouti,2,2,0,0
Algeria,Netherlands,1,1,0,0
Algeria,Bulgaria,6,1,2,3
Algeria,Finland,1,1,0,0
Algeria,Uruguay,2,1,1,0
Algeria,Ireland,2,1,0,1
Algeria,Iraq,5,1,2,2
Algeria,Angola,8,1,6,1
Algeria,Lebanon,3,1,2,0
Algeria,Slovenia,2,1,0,1
Algeria,South Korea,2,1,0,1
Algeria,Chile,1,1,0,0
Algeria,PR Congo,2,1,1,0
Algeria,South Africa,6,1,4,1
Algeria,Saudi Arabia,6,1,2,3
Algeria,Colombia,1,1,0,0
Algeria,Bolivia,1,1,0,0
Algeria,Gabon,7,1,2,4
Algeria,Armenia,1,1,0,0
Algeria,Bahrain,2,1,1,0
Algeria,Guatemala,1,1,0,0
Algeria,Syria,1,1,0,0
Algeria,Indonesia,1,1,0,0
Algeria,Chad,2,1,1,0
Algeria,Madagascar,1,1,0,0
Algeria,Zaire,1,1,0,0
Algeria,England,1,0,1,0
Algeria,Portugal,1,0,0,1
Algeria,Spain,1,0,0,1
Algeria,Italy,1,0,0,1
Algeria,France,1,0,0,1
Algeria,Belgium,3,0,1,2
Algeria,Austria,1,0,0,1
Algeria,Switzerland,2,0,0,2
Algeria,Kuwait,1,0,0,1
Algeria,Denmark,1,0,1,0
Algeria,Argentina,1,0,0,1
Algeria,Serbia,1,0,0,1
Algeria,Brazil,4,0,0,4
Algeria,Poland,2,0,0,2
Algeria,Bosnia,1,0,0,1
Algeria,Russia,1,0,1,0
Algeria,Hungary,1,0,0,1
Algeria,Slovakia,1,0,1,0
Algeria,USA,1,0,0,1
Algeria,Sweden,6,0,1,5
Algeria,Albania,1,0,0,1
Algeria,Luxembourg,1,0,1,0
Algeria,Peru,1,0,1,0
Algeria,China,1,0,0,1
Algeria,N. Ireland,1,0,1,0
Algeria,Mexico,2,0,1,1
Algeria,North Korea,1,0,0,1
Algeria,Jordan,1,0,1,0
Algeria,Malaysia,1,0,1,0
Algeria,East Germany,4,0,1,3
Algeria,USSR,2,0,1,1
Algeria,Yugoslavia,1,0,0,1
Algeria,USSR,4,0,0,4
Argentina,Uruguay,195,90,45,60
Argentina,Chile,70,48,19,3
Argentina,Brazil,110,42,23,45
Argentina,Bolivia,42,30,5,7
Argentina,Paraguay,55,29,19,7
Argentina,Peru,44,29,10,5
Argentina,Venezuela,30,25,3,2
Argentina,Ecuador,42,25,11,6
Argentina,Colombia,42,23,9,10
Argentina,Mexico,28,16,10,2
Argentina,Germany,23,10,5,8
Argentina,Bulgaria,9,8,0,1
Argentina,France,13,7,3,3
Argentina,Australia,9,7,1,1
Argentina,Poland,12,7,2,3
Argentina,USA,11,7,2,2
Argentina,Spain,14,6,2,6
Argentina,Italy,16,6,4,6
Argentina,Japan,7,6,0,1
Argentina,Nigeria,9,6,1,2
Argentina,Portugal,8,5,1,2
Argentina,Switzerland,7,5,2,0
Argentina,Hungary,7,5,1,1
Argentina,Costa Rica,7,5,2,0
Argentina,Yugoslavia,9,5,1,3
Argentina,Netherlands,10,4,2,4
Argentina,Belgium,5,4,0,1
Argentina,Romania,7,4,2,1
Argentina,Ireland,4,4,0,0
Argentina,Jamaica,4,4,0,0
Argentina,England,14,3,5,6
Argentina,Bosnia,3,3,0,0
Argentina,Canada,3,3,0,0
Argentina,Croatia,6,3,1,2
Argentina,Morocco,3,3,0,0
Argentina,Panama,3,3,0,0
Argentina,South Korea,3,3,0,0
Argentina,Honduras,3,3,0,0
Argentina,Israel,5,3,1,1
Argentina,Guatemala,3,3,0,0
Argentina,El Salvador,4,3,1,0
Argentina,Haiti,3,3,0,0
Argentina,USSR,11,3,6,2
Argentina,Greece,2,2,0,0
Argentina,Scotland,4,2,1,1
Argentina,Russia,2,2,0,0
Argentina,Iran,2,2,0,0
Argentina,Angola,2,2,0,0
Argentina,Ivory Coast,2,2,0,0
Argentina,Egypt,2,2,0,0
Argentina,Saudi Arabia,5,2,2,1
Argentina,Qatar,2,2,0,0
Argentina,ČSR,6,2,3,1
Argentina,Austria,2,1,1,0
Argentina,Denmark,2,1,0,1
Argentina,Ghana,1,1,0,0
Argentina,Slovakia,1,1,0,0
Argentina,Sweden,3,1,1,1
Argentina,Iraq,1,1,0,0
Argentina,Albania,1,1,0,0
Argentina,Slovenia,1,1,0,0
Argentina,Algeria,1,1,0,0
Argentina,Tunisia,1,1,0,0
Argentina,Zambia,1,1,0,0
Argentina,South Africa,3,1,1,1
Argentina,Wales,2,1,1,0
Argentina,UAE,1,1,0,0
Argentina,N. Ireland,1,1,0,0
Argentina,Estonia,1,1,0,0
Argentina,Libya,1,1,0,0
Argentina,Trinidad,1,1,0,0
Argentina,Indonesia,1,1,0,0
Argentina,Mauritania,1,1,0,0
Argentina,Nicaragua,1,1,0,0
Argentina,Singapore,1,1,0,0
Argentina,Hong Kong,1,1,0,0
Argentina,East Germany,2,1,1,0
Argentina,Puerto Rico,1,1,0,0
Argentina,Serbia-Mont.,1,1,0,0
Argentina,Curaçao,1,1,0,0
Argentina,Romania B,1,1,0,0
Argentina,England B,1,1,0,0
Argentina,Cameroon,2,0,1,1
Argentina,Norway,2,0,0,2
Argentina,Belarus,1,0,1,0
Argentina,Iceland,1,0,1,0
Argentina,Lithuania,1,0,1,0
Australia,New Zealand,58,38,8,12
Australia,Indonesia,17,11,4,2
Australia,South Korea,25,10,8,7
Australia,Chinese Taipei,11,10,1,0
Australia,Tahiti,10,10,0,0
Australia,China,16,9,3,4
Australia,Japan,28,7,9,12
Australia,Fiji,9,7,0,2
Australia,Solomons,8,7,1,0
Australia,Canada,10,6,1,3
Australia,Iraq,10,6,2,2
Australia,South Africa,21,6,4,11
Australia,Saudi Arabia,12,6,4,2
Australia,Thailand,7,6,1,0
Australia,Bahrain,8,6,1,1
Australia,Oman,11,6,4,1
Australia,Singapore,6,6,0,0
Australia,Malaysia,6,6,0,0
Australia,New Caledonia,6,6,0,0
Australia,Kuwait,10,5,1,4
Australia,Israel,17,5,9,3
Australia,Jordan,8,5,0,3
Australia,Hong Kong,8,5,0,3
Australia,Greece,11,4,3,4
Australia,Ghana,7,4,2,1
Australia,Uruguay,8,4,1,3
Australia,Uzbekistan,5,4,1,0
Australia,Lebanon,4,4,0,0
Australia,UAE,6,4,1,1
Australia,Bangladesh,4,4,0,0
Australia,Vanuatu,4,4,0,0
Australia,Hungary,3,3,0,0
Australia,Syria,4,3,1,0
Australia,Qatar,5,3,1,1
Australia,Palestine,3,3,0,0
Australia,Rhodesia,5,3,2,0
Australia,British India,5,3,1,1
Australia,Denmark,5,2,1,2
Australia,Croatia,6,2,2,2
Australia,Sweden,5,2,2,1
Australia,Tunisia,3,2,0,1
Australia,Jamaica,2,2,0,0
Australia,Kyrgyzstan,2,2,0,0
Australia,Mexico,7,2,3,2
Australia,Vietnam,2,2,0,0
Australia,India,3,2,0,1
Australia,Tajikistan,2,2,0,0
Australia,Nepal,2,2,0,0
Australia,Cook Islands,2,2,0,0
Australia,England Ama.,3,2,0,1
Australia,South Vietnam,2,2,0,0
Australia,Germany,6,1,1,4
Australia,England,8,1,2,5
Australia,France,6,1,1,4
Australia,Netherlands,4,1,2,1
Australia,Scotland,8,1,1,6
Australia,Cameroon,2,1,1,0
Australia,Argentina,9,1,1,7
Australia,Serbia,2,1,1,0
Australia,Brazil,8,1,1,6
Australia,Norway,3,1,1,1
Australia,Poland,1,1,0,0
Australia,Nigeria,1,1,0,0
Australia,Czechia,2,1,0,1
Australia,USA,4,1,1,2
Australia,Ireland,2,1,0,1
Australia,Morocco,1,1,0,0
Australia,Paraguay,2,1,1,0
Australia,Iran,6,1,2,3
Australia,Peru,2,1,0,1
Australia,Honduras,2,1,1,0
Australia,Wales,1,1,0,0
Australia,Macedonia,2,1,1,0
Australia,Liechtenstein,1,1,0,0
Australia,Ecuador,3,1,0,2
Australia,Costa Rica,1,1,0,0
Australia,Kenya,1,1,0,0
Australia,Papua N. Guinea,1,1,0,0
Australia,Philippines,1,1,0,0
Australia,Samoa,1,1,0,0
Australia,Macau,1,1,0,0
Australia,Tonga,1,1,0,0
Australia,A. Samoa,1,1,0,0
Australia,Guam,1,1,0,0
Australia,Curaçao,1,1,0,0
Australia,USSR B,1,1,0,0
Australia,Singapur B,1,1,0,0
Australia,Spain,1,0,0,1
Australia,Italy,1,0,0,1
Australia,Turkiye,2,0,0,2
Australia,Belgium,1,0,0,1
Australia,Switzerland,1,0,1,0
Australia,Bulgaria,4,0,2,2
Australia,Romania,1,0,0,1
Australia,Slovakia,1,0,1,0
Australia,Venezuela,2,0,1,1
Australia,Slovenia,1,0,0,1
Australia,Egypt,1,0,0,1
Australia,Chile,6,0,2,4
Australia,Colombia,2,0,1,1
Australia,N. Ireland,3,0,1,2
Australia,North Korea,3,0,1,2
Australia,Cambodia,1,0,1,0
Australia,East Germany,1,0,0,1
Australia,ČSR,8,0,2,6
Australia,USSR,6,0,3,3
Australia,Greece B,1,0,1,0
Austria,Hungary,137,40,30,67
Austria,Switzerland,43,25,6,12
Austria,Sweden,39,20,6,13
Austria,Italy,38,13,8,17
Austria,Germany,41,10,6,25
Austria,France,26,9,3,14
Austria,Turkiye,18,9,1,8
Austria,Belgium,16,9,4,3
Austria,Norway,14,9,2,3
Austria,Ireland,16,9,4,3
Austria,Scotland,23,8,8,7
Austria,Finland,11,8,2,1
Austria,Malta,9,8,1,0
Austria,Cyprus,9,8,0,1
Austria,Liechtenstein,8,8,0,0
Austria,ČSR,36,8,11,17
Austria,Netherlands,21,7,4,10
Austria,Albania,7,7,0,0
Austria,Luxembourg,7,7,0,0
Austria,Moldova,9,7,1,1
Austria,Latvia,9,6,0,3
Austria,Israel,13,6,4,3
Austria,N. Ireland,13,6,3,4
Austria,Faroe Islands,8,6,1,1
Austria,Yugoslavia,18,6,4,8
Austria,Bulgaria,8,5,2,1
Austria,Wales,11,5,2,4
Austria,Azerbaijan,6,5,1,0
Austria,England,19,4,4,11
Austria,Spain,16,4,3,9
Austria,Greece,13,4,5,4
Austria,Denmark,13,4,1,8
Austria,Poland,11,4,2,5
Austria,Romania,12,4,5,3
Austria,Belarus,4,4,0,0
Austria,Estonia,4,4,0,0
Austria,Kazakhstan,6,4,2,0
Austria,San Marino,4,4,0,0
Austria,USSR,14,4,3,7
Austria,Portugal,11,3,6,2
Austria,Russia,5,3,1,1
Austria,Slovenia,6,3,2,1
Austria,North Macedonia,3,3,0,0
Austria,Serbia,7,2,1,4
Austria,Czechia,5,2,1,2
Austria,Bosnia,7,2,4,1
Austria,Uruguay,4,2,1,1
Austria,Slovakia,6,2,3,1
Austria,USA,3,2,0,1
Austria,Tunisia,3,2,1,0
Austria,Ukraine,3,2,0,1
Austria,Lithuania,3,2,0,1
Austria,Montenegro,2,2,0,0
Austria,Japan,1,1,0,0
Austria,Ghana,2,1,1,0
Austria,Croatia,7,1,0,6
Austria,Iceland,4,1,2,1
Austria,Iran,1,1,0,0
Austria,South Korea,1,1,0,0
Austria,Ivory Coast,2,1,0,1
Austria,Algeria,1,1,0,0
Austria,Georgia,2,1,1,0
Austria,Egypt,3,1,1,1
Austria,Chile,3,1,1,1
Austria,Trinidad,1,1,0,0
Austria,Costa Rica,2,1,1,0
Austria,Andorra,1,1,0,0
Austria,East Germany,6,1,4,1
Austria,Italy B,1,1,0,0
Austria,Cameroon,3,0,2,1
Austria,Argentina,2,0,1,1
Austria,Brazil,10,0,3,7
Austria,Nigeria,1,0,1,0
Austria,Venezuela,1,0,0,1
Austria,Canada,1,0,0,1
Austria,Paraguay,1,0,1,0
Belgium,Netherlands,129,41,31,57
Belgium,France,78,30,19,29
Belgium,Luxembourg,20,16,3,1
Belgium,Switzerland,30,15,6,9
Belgium,Scotland,20,13,3,4
Belgium,Iceland,13,13,0,0
Belgium,Cyprus,13,12,1,0
Belgium,Hungary,13,9,2,2
Belgium,Sweden,17,9,3,5
Belgium,Wales,19,9,5,5
Belgium,Estonia,10,9,0,1
Belgium,Poland,21,8,6,7
Belgium,San Marino,8,8,0,0
Belgium,Denmark,16,7,3,6
Belgium,Israel,9,7,0,2
Belgium,Portugal,19,6,7,6
Belgium,Spain,23,6,5,12
Belgium,Bulgaria,14,6,2,6
Belgium,Norway,9,6,3,0
Belgium,Romania,13,6,2,5
Belgium,Russia,8,6,2,0
Belgium,USA,7,6,0,1
Belgium,Ireland,17,6,7,4
Belgium,Germany,26,5,1,20
Belgium,England,26,5,5,16
Belgium,Armenia,6,5,0,1
Belgium,Azerbaijan,6,5,1,0
Belgium,Kazakhstan,8,5,3,0
Belgium,Italy,26,4,5,17
Belgium,Serbia,5,4,0,1
Belgium,Finland,12,4,4,4
Belgium,Czechia,9,4,2,3
Belgium,Bosnia,8,4,1,3
Belgium,Croatia,10,4,3,3
Belgium,Andorra,4,4,0,0
Belgium,Yugoslavia,11,4,2,5
Belgium,Greece,10,3,4,3
Belgium,Turkiye,11,3,5,3
Belgium,Austria,16,3,4,9
Belgium,South Korea,4,3,1,0
Belgium,Tunisia,5,3,1,1
Belgium,North Macedonia,6,3,3,0
Belgium,East Germany,8,3,2,3
Belgium,ČSR,10,3,2,5
Belgium,Japan,6,2,2,2
Belgium,Brazil,5,2,0,3
Belgium,Uruguay,2,2,0,0
Belgium,Belarus,2,2,0,0
Belgium,Canada,2,2,0,0
Belgium,Latvia,2,2,0,0
Belgium,Morocco,4,2,0,2
Belgium,Algeria,3,2,1,0
Belgium,Saudi Arabia,3,2,0,1
Belgium,Liechtenstein,2,2,0,0
Belgium,Mexico,8,2,3,3
Belgium,Costa Rica,2,2,0,0
Belgium,Faroe Islands,2,2,0,0
Belgium,El Salvador,2,2,0,0
Belgium,Gibraltar,2,2,0,0
Belgium,England Ama.,10,2,1,7
Belgium,Australia,1,1,0,0
Belgium,Argentina,5,1,0,4
Belgium,Slovakia,4,1,2,1
Belgium,Iraq,1,1,0,0
Belgium,Albania,2,1,0,1
Belgium,Panama,1,1,0,0
Belgium,Paraguay,3,1,1,1
Belgium,Slovenia,2,1,1,0
Belgium,Egypt,4,1,0,3
Belgium,Ukraine,3,1,1,1
Belgium,Zambia,1,1,0,0
Belgium,Colombia,2,1,0,1
Belgium,N. Ireland,3,1,0,2
Belgium,Gabon,1,1,0,0
Belgium,Burkina Faso,1,1,0,0
Belgium,Montenegro,2,1,1,0
Belgium,Qatar,1,1,0,0
Belgium,USSR,5,1,0,4
Belgium,Peru,1,0,1,0
Belgium,Malta,1,0,0,1
Belgium,Ivory Coast,2,0,2,0
Belgium,Chile,2,0,2,0
Belgium,Lithuania,2,0,2,0
Belgium,Serbia-Mont.,2,0,1,1
Bosnia and Herzegovina,Liechtenstein,10,9,1,0
Bosnia and Herzegovina,Luxembourg,9,7,0,2
Bosnia and Herzegovina,Estonia,7,5,1,1
Bosnia and Herzegovina,Romania,8,4,0,4
Bosnia and Herzegovina,Malta,5,4,0,1
Bosnia and Herzegovina,Slovenia,5,4,0,1
Bosnia and Herzegovina,Lithuania,6,4,1,1
Bosnia and Herzegovina,San Marino,4,4,0,0
Bosnia and Herzegovina,Belgium,8,3,1,4
Bosnia and Herzegovina,Denmark,6,3,1,2
Bosnia and Herzegovina,Finland,7,3,2,2
Bosnia and Herzegovina,Slovakia,6,3,0,3
Bosnia and Herzegovina,Cyprus,6,3,1,2
Bosnia and Herzegovina,Wales,5,3,2,0
Bosnia and Herzegovina,Armenia,4,3,0,1
Bosnia and Herzegovina,Italy,7,2,1,4
Bosnia and Herzegovina,Turkiye,6,2,2,2
Bosnia and Herzegovina,Norway,4,2,0,2
Bosnia and Herzegovina,Belarus,2,2,0,0
Bosnia and Herzegovina,Latvia,2,2,0,0
Bosnia and Herzegovina,Albania,5,2,2,1
Bosnia and Herzegovina,Iran,8,2,1,5
Bosnia and Herzegovina,N. Ireland,3,2,0,1
Bosnia and Herzegovina,Andorra,2,2,0,0
Bosnia and Herzegovina,Malaysia,3,2,1,0
Bosnia and Herzegovina,Gibraltar,2,2,0,0
Bosnia and Herzegovina,Greece,11,1,5,5
Bosnia and Herzegovina,Austria,7,1,4,2
Bosnia and Herzegovina,Switzerland,1,1,0,0
Bosnia and Herzegovina,Bulgaria,2,1,0,1
Bosnia and Herzegovina,Kuwait,1,1,0,0
Bosnia and Herzegovina,Japan,3,1,1,1
Bosnia and Herzegovina,Ghana,1,1,0,0
Bosnia and Herzegovina,Uruguay,1,1,0,0
Bosnia and Herzegovina,Iceland,2,1,0,1
Bosnia and Herzegovina,South Korea,2,1,0,1
Bosnia and Herzegovina,Ivory Coast,1,1,0,0
Bosnia and Herzegovina,Algeria,1,1,0,0
Bosnia and Herzegovina,Chile,1,1,0,0
Bosnia and Herzegovina,South Africa,1,1,0,0
Bosnia and Herzegovina,North Macedonia,6,1,4,1
Bosnia and Herzegovina,Israel,4,1,1,2
Bosnia and Herzegovina,Mexico,4,1,0,3
Bosnia and Herzegovina,Bahrain,1,1,0,0
Bosnia and Herzegovina,Azerbaijan,1,1,0,0
Bosnia and Herzegovina,Vietnam,1,1,0,0
Bosnia and Herzegovina,Kazakhstan,2,1,1,0
Bosnia and Herzegovina,Faroe Islands,2,1,1,0
Bosnia and Herzegovina,Montenegro,4,1,3,0
Bosnia and Herzegovina,Indonesia,1,1,0,0
Bosnia and Herzegovina,Oman,1,1,0,0
Bosnia and Herzegovina,Bangladesh,1,1,0,0
Bosnia and Herzegovina,Jordan,2,1,1,0
Bosnia and Herzegovina,Germany,4,0,1,3
Bosnia and Herzegovina,England,1,0,0,1
Bosnia and Herzegovina,Portugal,6,0,1,5
Bosnia and Herzegovina,Spain,8,0,2,6
Bosnia and Herzegovina,France,6,0,3,3
Bosnia and Herzegovina,Netherlands,4,0,2,2
Bosnia and Herzegovina,Scotland,2,0,0,2
Bosnia and Herzegovina,Argentina,3,0,0,3
Bosnia and Herzegovina,Brazil,2,0,0,2
Bosnia and Herzegovina,Poland,3,0,1,2
Bosnia and Herzegovina,Nigeria,1,0,0,1
Bosnia and Herzegovina,Czechia,2,0,0,2
Bosnia and Herzegovina,Hungary,6,0,3,3
Bosnia and Herzegovina,Senegal,1,0,1,0
Bosnia and Herzegovina,USA,3,0,1,2
Bosnia and Herzegovina,Ireland,3,0,1,2
Bosnia and Herzegovina,Croatia,4,0,0,4
Bosnia and Herzegovina,Sweden,1,0,0,1
Bosnia and Herzegovina,Uzbekistan,2,0,1,1
Bosnia and Herzegovina,Zimbabwe,1,0,1,0
Bosnia and Herzegovina,Georgia,1,0,0,1
Bosnia and Herzegovina,Tunisia,1,0,0,1
Bosnia and Herzegovina,Egypt,1,0,0,1
Bosnia and Herzegovina,Ukraine,3,0,1,2
Bosnia and Herzegovina,China,1,0,0,1
Bosnia and Herzegovina,Moldova,2,0,1,1
Bosnia and Herzegovina,Costa Rica,1,0,1,0
Bosnia and Herzegovina,Qatar,2,0,1,1
Bosnia and Herzegovina,Yugoslavia,2,0,1,1
Bosnia and Herzegovina,Serbia-Mont.,3,0,1,2
Brazil,Chile,77,56,13,8
Brazil,Paraguay,85,52,19,14
Brazil,Argentina,110,45,23,42
Brazil,Uruguay,81,40,18,23
Brazil,Peru,52,38,9,5
Brazil,Ecuador,37,28,7,2
Brazil,Venezuela,30,24,5,1
Brazil,Bolivia,34,24,4,6
Brazil,Mexico,41,24,7,10
Brazil,Colombia,38,22,12,4
Brazil,USA,20,18,1,1
Brazil,Germany,23,13,5,5
Brazil,Portugal,20,13,3,4
Brazil,England,27,12,11,4
Brazil,Japan,14,11,2,1
Brazil,Sweden,15,10,3,2
Brazil,Costa Rica,12,10,1,1
Brazil,Italy,16,9,2,5
Brazil,Poland,12,9,2,1
Brazil,ČSR,17,9,6,2
Brazil,Scotland,10,8,2,0
Brazil,Bulgaria,8,8,0,0
Brazil,South Korea,9,8,0,1
Brazil,Wales,10,8,1,1
Brazil,Yugoslavia,17,8,7,2
Brazil,Austria,10,7,3,0
Brazil,France,16,6,3,7
Brazil,Australia,8,6,1,1
Brazil,Honduras,8,6,1,1
Brazil,Egypt,6,6,0,0
Brazil,Spain,10,5,3,2
Brazil,Cameroon,7,5,0,2
Brazil,Ghana,5,5,0,0
Brazil,Panama,6,5,1,0
Brazil,South Africa,5,5,0,0
Brazil,Saudi Arabia,5,5,0,0
Brazil,USSR,7,5,1,1
Brazil,Netherlands,12,4,4,4
Brazil,Turkiye,6,4,2,0
Brazil,Switzerland,10,4,4,2
Brazil,Russia,6,4,2,0
Brazil,Ireland,6,4,1,1
Brazil,Croatia,6,4,1,1
Brazil,Algeria,4,4,0,0
Brazil,Belgium,5,3,0,2
Brazil,Serbia,3,3,0,0
Brazil,Finland,3,3,0,0
Brazil,Romania,3,3,0,0
Brazil,Israel,3,3,0,0
Brazil,New Zealand,3,3,0,0
Brazil,El Salvador,3,3,0,0
Brazil,Haiti,3,3,0,0
Brazil,East Germany,4,3,1,0
Brazil,Denmark,3,2,0,1
Brazil,Czechia,2,2,0,0
Brazil,Bosnia,2,2,0,0
Brazil,Canada,4,2,2,0
Brazil,Iceland,2,2,0,0
Brazil,Morocco,3,2,0,1
Brazil,Tunisia,3,2,1,0
Brazil,Jamaica,3,2,1,0
Brazil,China,3,2,1,0
Brazil,Greece,2,1,1,0
Brazil,Nigeria,2,1,1,0
Brazil,Hungary,5,1,1,3
Brazil,Senegal,3,1,1,1
Brazil,Slovakia,1,1,0,0
Brazil,Latvia,1,1,0,0
Brazil,Iraq,1,1,0,0
Brazil,Iran,1,1,0,0
Brazil,Zimbabwe,1,1,0,0
Brazil,Ivory Coast,1,1,0,0
Brazil,Ukraine,1,1,0,0
Brazil,Zambia,1,1,0,0
Brazil,Lithuania,1,1,0,0
Brazil,Guinea,1,1,0,0
Brazil,UAE,1,1,0,0
Brazil,N. Ireland,1,1,0,0
Brazil,Thailand,1,1,0,0
Brazil,Gabon,1,1,0,0
Brazil,Estonia,1,1,0,0
Brazil,Andorra,1,1,0,0
Brazil,Guatemala,2,1,1,0
Brazil,Qatar,1,1,0,0
Brazil,Oman,1,1,0,0
Brazil,Tanzania,1,1,0,0
Brazil,North Korea,1,1,0,0
Brazil,Malaysia,1,1,0,0
Brazil,Hong Kong,1,1,0,0
Brazil,Mexico U23,1,1,0,0
Brazil,Zaire,1,1,0,0
Brazil,Romania B,2,1,1,0
Brazil,All-Star-Team,1,1,0,0
Brazil,France B,1,1,0,0
Brazil,Poland,1,1,0,0
Brazil,Denmark League,1,1,0,0
Brazil,Yugoslavia B,1,1,0,0
Brazil,Hungary B,1,1,0,0
Brazil,Norway,4,0,2,2
Brazil,Croatia U21,1,0,1,0
Brazil,Bulgaria B,1,0,1,0
Brazil,Sweden,1,0,1,0
Cabo Verde,Burkina Faso,9,5,0,4
Cabo Verde,Mauritania,6,5,0,1
Cabo Verde,Equat. Guinea,5,4,1,0
Cabo Verde,Eswatini,6,4,2,0
Cabo Verde,Mauritius,4,4,0,0
Cabo Verde,Cameroon,9,3,2,4
Cabo Verde,Angola,8,3,3,2
Cabo Verde,Togo,5,3,0,2
Cabo Verde,Mozambique,5,3,1,1
Cabo Verde,Liberia,4,3,0,1
Cabo Verde,Ghana,6,2,0,4
Cabo Verde,South Africa,6,2,1,3
Cabo Verde,Libya,4,2,1,1
Cabo Verde,Andorra,2,2,0,0
Cabo Verde,Niger,2,2,0,0
Cabo Verde,Madagascar,2,2,0,0
Cabo Verde,Tanzania,4,2,0,2
Cabo Verde,São Tomé and P.,2,2,0,0
Cabo Verde,Portugal,3,1,1,1
Cabo Verde,Serbia,1,1,0,0
Cabo Verde,Luxembourg,4,1,3,0
Cabo Verde,Zimbabwe,2,1,1,0
Cabo Verde,Malta,1,1,0,0
Cabo Verde,Algeria,6,1,2,3
Cabo Verde,Mali,2,1,0,1
Cabo Verde,Guinea-Bissau,1,1,0,0
Cabo Verde,Congo,1,1,0,0
Cabo Verde,Zambia,3,1,1,1
Cabo Verde,Guinea,3,1,0,2
Cabo Verde,Liechtenstein,1,1,0,0
Cabo Verde,Sierra Leone,2,1,0,1
Cabo Verde,Bahrain,1,1,0,0
Cabo Verde,Kenya,4,1,0,3
Cabo Verde,San Marino,1,1,0,0
Cabo Verde,Central Africa,2,1,1,0
Cabo Verde,Uganda,4,1,0,3
Cabo Verde,Ethiopia,1,1,0,0
Cabo Verde,Guyana,1,1,0,0
Cabo Verde,Malaysia,1,1,0,0
Cabo Verde,Guadeloupe,1,1,0,0
Cabo Verde,Finland,1,0,1,0
Cabo Verde,Nigeria,3,0,2,1
Cabo Verde,Senegal,9,0,0,9
Cabo Verde,Morocco,4,0,2,2
Cabo Verde,Iran,1,0,0,1
Cabo Verde,Georgia,1,0,1,0
Cabo Verde,Tunisia,4,0,1,3
Cabo Verde,Egypt,4,0,3,1
Cabo Verde,Chile,1,0,0,1
Cabo Verde,DR Congo,3,0,2,1
Cabo Verde,Rwanda,2,0,2,0
Cabo Verde,Gabon,1,0,1,0
Cabo Verde,Ecuador,1,0,0,1
Cabo Verde,The Gambia,2,0,1,1
Cabo Verde,Lesotho,2,0,2,0
Cabo Verde,Botswana,2,0,0,2
Cabo Verde,Comoros,1,0,0,1
Canada,USA,45,15,11,19
Canada,Jamaica,25,13,5,7
Canada,Cuba,17,11,4,2
Canada,El Salvador,21,11,4,6
Canada,Honduras,26,10,7,9
Canada,Guatemala,15,10,2,3
Canada,Haiti,11,8,2,1
Canada,Panama,14,6,6,2
Canada,Trinidad,10,6,1,3
Canada,Costa Rica,22,6,8,8
Canada,Bermuda,9,6,3,0
Canada,Mexico,37,5,10,22
Canada,Suriname,4,4,0,0
Canada,Martinique,6,4,1,1
Canada,Australia,10,3,1,6
Canada,New Zealand,5,3,1,1
Canada,Belize,4,3,1,0
Canada,Barbados,3,3,0,0
Canada,Dominica,3,3,0,0
Canada,Curaçao,4,3,1,0
Canada,Venezuela,4,2,2,0
Canada,Uzbekistan,2,2,0,0
Canada,Luxembourg,2,2,0,0
Canada,South Korea,5,2,1,2
Canada,Wales,4,2,0,2
Canada,N. Ireland,3,2,1,0
Canada,Puerto Rico,3,2,1,0
Canada,St. Kitts/Nevis,3,2,1,0
Canada,Saint Lucia,2,2,0,0
Canada,St. Vincent,2,2,0,0
Canada,French Guiana,2,2,0,0
Canada,Greece,4,1,0,3
Canada,Austria,1,1,0,0
Canada,Switzerland,1,1,0,0
Canada,Japan,4,1,0,3
Canada,Nigeria,1,1,0,0
Canada,Romania,1,1,0,0
Canada,Belarus,2,1,0,1
Canada,Iran,3,1,0,2
Canada,Peru,2,1,0,1
Canada,Cyprus,2,1,1,0
Canada,Ukraine,2,1,1,0
Canada,Chile,4,1,1,2
Canada,Colombia,4,1,1,2
Canada,Macedonia,2,1,0,1
Canada,China,1,1,0,0
Canada,Libya,1,1,0,0
Canada,Faroe Islands,2,1,0,1
Canada,San Marino,1,1,0,0
Canada,Qatar,1,1,0,0
Canada,Mauritania,3,1,1,1
Canada,Hong Kong,1,1,0,0
Canada,US Virgin,1,1,0,0
Canada,Aruba,1,1,0,0
Canada,Cayman Islands,1,1,0,0
Canada,Guadeloupe,3,1,1,1
Canada,Germany,2,0,0,2
Canada,England,1,0,0,1
Canada,Portugal,2,0,1,1
Canada,Spain,2,0,0,2
Canada,Italy,1,0,0,1
Canada,France,2,0,1,1
Canada,Netherlands,2,0,0,2
Canada,Scotland,6,0,1,5
Canada,Turkiye,2,0,0,2
Canada,Belgium,2,0,0,2
Canada,Bulgaria,1,0,1,0
Canada,Cameroon,1,0,0,1
Canada,Denmark,2,0,0,2
Canada,Argentina,3,0,0,3
Canada,Brazil,4,0,2,2
Canada,Ghana,1,0,1,0
Canada,Poland,6,0,0,6
Canada,Finland,1,0,0,1
Canada,Czechia,2,0,0,2
Canada,Uruguay,2,0,0,2
Canada,Hungary,2,0,0,2
Canada,Ireland,2,0,1,1
Canada,Croatia,1,0,0,1
Canada,Iceland,5,0,3,2
Canada,Morocco,3,0,1,2
Canada,Paraguay,1,0,1,0
Canada,Malta,1,0,0,1
Canada,Slovenia,1,0,0,1
Canada,Ivory Coast,1,0,0,1
Canada,Tunisia,2,0,1,1
Canada,Egypt,1,0,0,1
Canada,South Africa,1,0,0,1
Canada,Saudi Arabia,1,0,0,1
Canada,Ecuador,4,0,2,2
Canada,Moldova,1,0,1,0
Canada,Estonia,2,0,0,2
Canada,Armenia,1,0,0,1
Canada,Bahrain,1,0,1,0
Canada,Azerbaijan,1,0,1,0
Canada,East Germany,3,0,0,3
Canada,USSR,1,0,0,1
Qatar,Oman,18,11,3,4
Qatar,Jordan,17,11,3,3
Qatar,Kuwait,26,10,7,9
Qatar,Iraq,24,10,2,12
Qatar,UAE,23,9,8,6
Qatar,Palestine,10,8,1,1
Qatar,Afghanistan,9,7,2,0
Qatar,Lebanon,8,7,1,0
Qatar,China,20,7,5,8
Qatar,Yemen,8,7,1,0
Qatar,Hong Kong,7,7,0,0
Qatar,Saudi Arabia,26,6,12,8
Qatar,Syria,13,6,4,3
Qatar,Singapore,7,6,0,1
Qatar,Uzbekistan,17,5,2,10
Qatar,Iran,28,5,5,18
Qatar,Bangladesh,6,5,1,0
Qatar,Thailand,6,4,1,1
Qatar,Bahrain,22,4,10,8
Qatar,India,5,4,1,0
Qatar,Indonesia,6,4,1,1
Qatar,Tajikistan,5,4,0,1
Qatar,Malaysia,7,4,3,0
Qatar,Japan,9,3,4,2
Qatar,South Korea,11,3,2,6
Qatar,Egypt,7,3,1,3
Qatar,Vietnam,5,3,1,1
Qatar,Sri Lanka,3,3,0,0
Qatar,Maldives,3,3,0,0
Qatar,North Korea,9,3,3,3
Qatar,Tunisia,3,2,0,1
Qatar,Kyrgyzstan,4,2,1,1
Qatar,Estonia,2,2,0,0
Qatar,Libya,3,2,0,1
Qatar,Kazakhstan,4,2,0,2
Qatar,Sudan,3,2,1,0
Qatar,El Salvador,2,2,0,0
Qatar,Bhutan,2,2,0,0
Qatar,Laos,2,2,0,0
Qatar,Switzerland,1,1,0,0
Qatar,Bulgaria,2,1,0,1
Qatar,Australia,5,1,1,3
Qatar,Serbia,3,1,0,2
Qatar,Finland,4,1,3,0
Qatar,Bosnia,2,1,1,0
Qatar,Russia,4,1,1,2
Qatar,Latvia,1,1,0,0
Qatar,Albania,3,1,0,2
Qatar,Luxembourg,2,1,1,0
Qatar,Paraguay,2,1,1,0
Qatar,Slovenia,3,1,1,1
Qatar,Honduras,2,1,1,0
Qatar,Algeria,5,1,1,3
Qatar,Jamaica,2,1,1,0
Qatar,Macedonia,3,1,1,1
Qatar,Ecuador,2,1,0,1
Qatar,Mexico,1,1,0,0
Qatar,Azerbaijan,4,1,2,1
Qatar,Andorra,1,1,0,0
Qatar,Guatemala,1,1,0,0
Qatar,Grenada,1,1,0,0
Qatar,Mauritius,1,1,0,0
Qatar,Turkmenistan,1,1,0,0
Qatar,Philippines,1,1,0,0
Qatar,Nicaragua,1,1,0,0
Qatar,Pakistan,1,1,0,0
Qatar,Portugal,2,0,0,2
Qatar,Greece,1,0,0,1
Qatar,Netherlands,1,0,0,1
Qatar,Scotland,1,0,0,1
Qatar,Turkiye,1,0,0,1
Qatar,Belgium,1,0,0,1
Qatar,Argentina,2,0,0,2
Qatar,Brazil,1,0,0,1
Qatar,Norway,1,0,0,1
Qatar,Ghana,1,0,0,1
Qatar,Czechia,1,0,0,1
Qatar,Hungary,3,0,1,2
Qatar,Senegal,1,0,0,1
Qatar,USA,1,0,0,1
Qatar,Ireland,3,0,1,2
Qatar,Canada,1,0,0,1
Qatar,Croatia,1,0,0,1
Qatar,Sweden,3,0,1,2
Qatar,Iceland,2,0,2,0
Qatar,Morocco,1,0,1,0
Qatar,Panama,2,0,1,1
Qatar,Zimbabwe,2,0,0,2
Qatar,Peru,1,0,0,1
Qatar,Malta,1,0,0,1
Qatar,Ivory Coast,1,0,0,1
Qatar,Georgia,1,0,0,1
Qatar,Mali,1,0,1,0
Qatar,Chile,1,0,1,0
Qatar,Colombia,1,0,0,1
Qatar,DR Congo,1,0,1,0
Qatar,Wales,1,0,0,1
Qatar,Liechtenstein,1,0,0,1
Qatar,N. Ireland,1,0,1,0
Qatar,Burkina Faso,1,0,1,0
Qatar,Moldova,1,0,1,0
Qatar,Costa Rica,1,0,1,0
Qatar,New Zealand,1,0,0,1
Qatar,Haiti,2,0,0,2
Qatar,Myanmar,1,0,1,0
Qatar,Curaçao,1,0,0,1
Colombia,Venezuela,45,22,16,7
Colombia,Ecuador,41,22,10,9
Colombia,Paraguay,45,21,7,17
Colombia,Peru,49,19,18,12
Colombia,USA,22,16,3,3
Colombia,Bolivia,31,16,10,5
Colombia,Uruguay,43,12,11,20
Colombia,Chile,40,12,14,14
Colombia,Costa Rica,13,11,0,2
Colombia,Argentina,42,10,9,23
Colombia,Mexico,23,10,7,6
Colombia,El Salvador,8,6,1,1
Colombia,Panama,7,5,0,2
Colombia,Honduras,12,5,3,4
Colombia,Japan,6,4,1,1
Colombia,Brazil,38,4,12,22
Colombia,Poland,6,4,0,2
Colombia,Jamaica,5,4,0,1
Colombia,Nigeria,4,3,1,0
Colombia,Guatemala,5,3,2,0
Colombia,Greece,2,2,0,0
Colombia,Switzerland,4,2,1,1
Colombia,Cameroon,4,2,0,2
Colombia,Senegal,3,2,1,0
Colombia,Slovakia,3,2,1,0
Colombia,Canada,4,2,1,1
Colombia,Trinidad,3,2,0,1
Colombia,New Zealand,2,2,0,0
Colombia,Haiti,2,2,0,0
Colombia,Germany,5,1,2,2
Colombia,Spain,4,1,2,1
Colombia,France,5,1,0,4
Colombia,Scotland,3,1,2,0
Colombia,Belgium,2,1,0,1
Colombia,Kuwait,1,1,0,0
Colombia,Australia,2,1,1,0
Colombia,Serbia,1,1,0,0
Colombia,Finland,1,1,0,0
Colombia,Romania,4,1,1,2
Colombia,Iraq,1,1,0,0
Colombia,Morocco,1,1,0,0
Colombia,Slovenia,1,1,0,0
Colombia,South Korea,7,1,3,3
Colombia,Ivory Coast,1,1,0,0
Colombia,Tunisia,2,1,1,0
Colombia,Saudi Arabia,1,1,0,0
Colombia,UAE,1,1,0,0
Colombia,Israel,2,1,1,0
Colombia,China,2,1,0,1
Colombia,N. Ireland,1,1,0,0
Colombia,Bahrain,1,1,0,0
Colombia,Liberia,1,1,0,0
Colombia,Montenegro,1,1,0,0
Colombia,Qatar,1,1,0,0
Colombia,Jordan,1,1,0,0
Colombia,USSR,3,1,1,1
Colombia,Puerto Rico,1,1,0,0
Colombia,Curaçao,1,1,0,0
Colombia,Venezuela U23,1,1,0,0
Colombia,England,6,0,2,4
Colombia,Netherlands,1,0,1,0
Colombia,Turkiye,1,0,0,1
Colombia,Norway,1,0,1,0
Colombia,Hungary,1,0,0,1
Colombia,Ireland,1,0,0,1
Colombia,Croatia,1,0,0,1
Colombia,Sweden,2,0,2,0
Colombia,Algeria,1,0,0,1
Colombia,Egypt,1,0,1,0
Colombia,South Africa,1,0,0,1
Colombia,East Germany,1,0,0,1
Colombia,Yugoslavia,4,0,1,3
Korea Republic,Japan,75,38,18,19
Korea Republic,Thailand,43,28,5,10
Korea Republic,Indonesia,32,28,2,2
Korea Republic,Hong Kong,31,27,3,1
Korea Republic,China,39,25,12,2
Korea Republic,Malaysia,43,25,9,9
Korea Republic,Singapore,22,19,2,1
Korea Republic,Myanmar,23,15,4,4
Korea Republic,Kuwait,26,14,4,8
Korea Republic,UAE,20,13,4,3
Korea Republic,India,15,13,1,1
Korea Republic,Chinese Taipei,19,13,1,5
Korea Republic,Lebanon,16,12,3,1
Korea Republic,Bahrain,18,12,4,2
Korea Republic,Iraq,23,11,8,4
Korea Republic,Uzbekistan,16,11,4,1
Korea Republic,Iran,32,11,8,13
Korea Republic,Philippines,9,9,0,0
Korea Republic,Australia,25,7,8,10
Korea Republic,Saudi Arabia,18,7,5,6
Korea Republic,Nepal,7,7,0,0
Korea Republic,North Korea,17,7,10,0
Korea Republic,South Vietnam,12,7,4,1
Korea Republic,Vietnam,7,6,0,1
Korea Republic,Qatar,11,6,2,3
Korea Republic,Ghana,9,5,0,4
Korea Republic,Israel,11,5,4,2
Korea Republic,Mexico,15,5,2,8
Korea Republic,New Zealand,6,5,1,0
Korea Republic,Syria,9,5,3,1
Korea Republic,Oman,8,5,2,1
Korea Republic,Khmer Republic,6,5,0,1
Korea Republic,USA,8,4,2,2
Korea Republic,Paraguay,7,4,2,1
Korea Republic,Egypt,10,4,5,1
Korea Republic,Costa Rica,9,4,2,3
Korea Republic,Turkmenistan,5,4,0,1
Korea Republic,Jordan,9,4,4,1
Korea Republic,Laos,4,4,0,0
Korea Republic,Greece,4,3,1,0
Korea Republic,Cameroon,5,3,2,0
Korea Republic,Finland,3,3,0,0
Korea Republic,Nigeria,5,3,2,0
Korea Republic,Honduras,3,3,0,0
Korea Republic,Colombia,7,3,3,1
Korea Republic,Sri Lanka,3,3,0,0
Korea Republic,Macau,3,3,0,0
Korea Republic,Germany,4,2,0,2
Korea Republic,Portugal,2,2,0,0
Korea Republic,Canada,5,2,1,2
Korea Republic,Latvia,2,2,0,0
Korea Republic,Croatia,7,2,2,3
Korea Republic,Iceland,2,2,0,0
Korea Republic,Jamaica,4,2,2,0
Korea Republic,Ukraine,2,2,0,0
Korea Republic,Zambia,4,2,0,2
Korea Republic,Bolivia,4,2,2,0
Korea Republic,Moldova,2,2,0,0
Korea Republic,Bangladesh,2,2,0,0
Korea Republic,Pakistan,2,2,0,0
Korea Republic,North Yemen,2,2,0,0
Korea Republic,Spain,6,1,1,4
Korea Republic,Italy,2,1,0,1
Korea Republic,Scotland,1,1,0,0
Korea Republic,Turkiye,7,1,2,4
Korea Republic,Switzerland,2,1,0,1
Korea Republic,Serbia,3,1,1,1
Korea Republic,Brazil,9,1,0,8
Korea Republic,Norway,4,1,1,2
Korea Republic,Poland,3,1,1,1
Korea Republic,Czechia,3,1,1,1
Korea Republic,Bosnia,2,1,0,1
Korea Republic,Uruguay,10,1,2,7
Korea Republic,Senegal,4,1,1,2
Korea Republic,Venezuela,1,1,0,0
Korea Republic,Afghanistan,1,1,0,0
Korea Republic,Luxembourg,2,1,0,1
Korea Republic,Angola,1,1,0,0
Korea Republic,Malta,2,1,1,0
Korea Republic,Ivory Coast,2,1,0,1
Korea Republic,Algeria,2,1,0,1
Korea Republic,Tunisia,3,1,1,1
Korea Republic,Mali,1,1,0,0
Korea Republic,Chile,3,1,1,1
Korea Republic,Togo,1,1,0,0
Korea Republic,Kyrgyzstan,1,1,0,0
Korea Republic,Macedonia,2,1,1,0
Korea Republic,Ecuador,2,1,0,1
Korea Republic,Burkina Faso,1,1,0,0
Korea Republic,Libya,1,1,0,0
Korea Republic,Trinidad,2,1,1,0
Korea Republic,Kazakhstan,2,1,1,0
Korea Republic,Guatemala,3,1,0,2
Korea Republic,El Salvador,2,1,1,0
Korea Republic,Tajikistan,1,1,0,0
Korea Republic,Haiti,1,1,0,0
Korea Republic,Brunei,1,1,0,0
Korea Republic,Maldives,2,1,1,0
Korea Republic,Mongolia,1,1,0,0
Korea Republic,Guam,1,1,0,0
Korea Republic,Serbia-Mont.,1,1,0,0
Korea Republic,England,1,0,1,0
Korea Republic,France,3,0,1,2
Korea Republic,Netherlands,2,0,0,2
Korea Republic,Belgium,4,0,1,3
Korea Republic,Austria,1,0,0,1
Korea Republic,Bulgaria,2,0,1,1
Korea Republic,Denmark,2,0,1,1
Korea Republic,Argentina,3,0,0,3
Korea Republic,Romania,1,0,0,1
Korea Republic,Russia,3,0,1,2
Korea Republic,Belarus,1,0,0,1
Korea Republic,Hungary,2,0,0,2
Korea Republic,Slovakia,1,0,1,0
Korea Republic,Sweden,5,0,2,3
Korea Republic,Morocco,3,0,2,1
Korea Republic,Panama,1,0,1,0
Korea Republic,Peru,3,0,1,2
Korea Republic,Georgia,1,0,1,0
Korea Republic,Cuba,1,0,1,0
Korea Republic,Wales,1,0,1,0
Korea Republic,N. Ireland,1,0,0,1
Korea Republic,Yugoslavia,6,0,3,3
Korea Republic,Palestine,2,0,2,0
Korea Republic,South Yemen,1,0,1,0
Côte d'Ivoire,Mali,18,12,4,2
Côte d'Ivoire,Guinea,16,10,4,2
Côte d'Ivoire,Cameroon,21,9,3,9
Côte d'Ivoire,Senegal,14,8,2,4
Côte d'Ivoire,Gabon,14,8,3,3
Côte d'Ivoire,Ghana,16,7,3,6
Côte d'Ivoire,Tunisia,18,7,7,4
Côte d'Ivoire,Burkina Faso,14,7,5,2
Côte d'Ivoire,Sierra Leone,11,7,3,1
Côte d'Ivoire,Burundi,7,7,0,0
Côte d'Ivoire,Egypt,22,6,4,12
Côte d'Ivoire,DR Congo,12,6,3,3
Côte d'Ivoire,Rwanda,8,6,1,1
Côte d'Ivoire,Mozambique,8,6,2,0
Côte d'Ivoire,Sudan,8,6,2,0
Côte d'Ivoire,Niger,7,6,0,1
Côte d'Ivoire,Madagascar,8,6,2,0
Côte d'Ivoire,Morocco,16,5,6,5
Côte d'Ivoire,Benin,7,5,1,1
Côte d'Ivoire,The Gambia,5,5,0,0
Côte d'Ivoire,Libya,7,5,1,1
Côte d'Ivoire,Liberia,6,5,1,0
Côte d'Ivoire,Nigeria,16,4,6,6
Côte d'Ivoire,Algeria,16,4,5,7
Côte d'Ivoire,Congo,10,4,4,2
Côte d'Ivoire,Zambia,12,4,1,7
Côte d'Ivoire,Togo,9,4,5,0
Côte d'Ivoire,Namibia,6,3,1,2
Côte d'Ivoire,Angola,4,3,0,1
Côte d'Ivoire,Malawi,4,3,1,0
Côte d'Ivoire,Ethiopia,5,3,0,2
Côte d'Ivoire,Tanzania,4,3,1,0
Côte d'Ivoire,Comoros,3,3,0,0
Côte d'Ivoire,Japan,5,2,0,3
Côte d'Ivoire,Sweden,3,2,0,1
Côte d'Ivoire,Seychelles,2,2,0,0
Côte d'Ivoire,Equat. Guinea,4,2,1,1
Côte d'Ivoire,Uganda,5,2,2,1
Côte d'Ivoire,Chad,2,2,0,0
Côte d'Ivoire,Italy,2,1,1,0
Côte d'Ivoire,France,4,1,1,2
Côte d'Ivoire,Scotland,1,1,0,0
Côte d'Ivoire,Austria,2,1,0,1
Côte d'Ivoire,Switzerland,2,1,1,0
Côte d'Ivoire,Romania,1,1,0,0
Côte d'Ivoire,Russia,2,1,1,0
Côte d'Ivoire,Uruguay,1,1,0,0
Côte d'Ivoire,Canada,1,1,0,0
Côte d'Ivoire,Slovenia,1,1,0,0
Côte d'Ivoire,South Korea,2,1,0,1
Côte d'Ivoire,Guinea-Bissau,1,1,0,0
Côte d'Ivoire,South Africa,8,1,5,2
Côte d'Ivoire,Israel,2,1,1,0
Côte d'Ivoire,Moldova,1,1,0,0
Côte d'Ivoire,Kenya,2,1,1,0
Côte d'Ivoire,Central Africa,2,1,1,0
Côte d'Ivoire,El Salvador,1,1,0,0
Côte d'Ivoire,Lesotho,2,1,1,0
Côte d'Ivoire,Qatar,1,1,0,0
Côte d'Ivoire,Oman,1,1,0,0
Côte d'Ivoire,Mauritius,1,1,0,0
Côte d'Ivoire,Botswana,2,1,1,0
Côte d'Ivoire,North Korea,1,1,0,0
Côte d'Ivoire,Jordan,1,1,0,0
Côte d'Ivoire,Serbia-Mont.,1,1,0,0
Côte d'Ivoire,Zaire,5,1,2,2
Côte d'Ivoire,Germany,1,0,1,0
Côte d'Ivoire,England,1,0,0,1
Côte d'Ivoire,Portugal,1,0,1,0
Côte d'Ivoire,Spain,1,0,0,1
Côte d'Ivoire,Greece,1,0,0,1
Côte d'Ivoire,Netherlands,2,0,0,2
Côte d'Ivoire,Turkiye,1,0,1,0
Côte d'Ivoire,Belgium,2,0,2,0
Côte d'Ivoire,Argentina,2,0,0,2
Côte d'Ivoire,Brazil,1,0,0,1
Côte d'Ivoire,Poland,1,0,0,1
Côte d'Ivoire,Bosnia,1,0,0,1
Côte d'Ivoire,Hungary,1,0,1,0
Côte d'Ivoire,USA,1,0,0,1
Côte d'Ivoire,Paraguay,2,0,2,0
Côte d'Ivoire,Zimbabwe,1,0,1,0
Côte d'Ivoire,Chile,1,0,1,0
Côte d'Ivoire,Saudi Arabia,1,0,0,1
Côte d'Ivoire,Colombia,1,0,0,1
Côte d'Ivoire,Mexico,1,0,0,1
Côte d'Ivoire,New Zealand,1,0,0,1
Croatia,Slovakia,17,11,4,2
Croatia,Malta,10,9,1,0
Croatia,Israel,9,8,1,0
Croatia,Slovenia,12,7,4,1
Croatia,Austria,7,6,0,1
Croatia,Bulgaria,9,6,2,1
Croatia,Latvia,6,6,0,0
Croatia,North Macedonia,9,6,2,1
Croatia,Estonia,9,6,2,1
Croatia,Andorra,6,6,0,0
Croatia,Denmark,8,5,1,2
Croatia,Iceland,7,5,1,1
Croatia,Ukraine,9,5,3,1
Croatia,Turkiye,12,4,5,3
Croatia,Poland,7,4,2,1
Croatia,Bosnia,4,4,0,0
Croatia,Hungary,12,4,6,2
Croatia,Sweden,6,4,0,2
Croatia,Wales,8,4,3,1
Croatia,Mexico,6,4,0,2
Croatia,England,11,3,2,6
Croatia,Spain,11,3,1,7
Croatia,Italy,10,3,6,1
Croatia,Belgium,10,3,3,4
Croatia,Norway,5,3,1,1
Croatia,Romania,4,3,1,0
Croatia,Russia,6,3,3,0
Croatia,South Korea,7,3,2,2
Croatia,Cyprus,3,3,0,0
Croatia,San Marino,3,3,0,0
Croatia,Gibraltar,3,3,0,0
Croatia,Germany,8,2,1,5
Croatia,France,12,2,3,7
Croatia,Greece,8,2,4,2
Croatia,Netherlands,3,2,0,1
Croatia,Scotland,8,2,3,3
Croatia,Australia,6,2,2,2
Croatia,Japan,4,2,1,1
Croatia,Argentina,6,2,1,3
Croatia,Czechia,6,2,4,0
Croatia,Belarus,2,2,0,0
Croatia,Ireland,7,2,3,2
Croatia,Morocco,3,2,1,0
Croatia,Georgia,3,2,0,1
Croatia,Liechtenstein,2,2,0,0
Croatia,Moldova,2,2,0,0
Croatia,Armenia,3,2,1,0
Croatia,Azerbaijan,4,2,2,0
Croatia,Kazakhstan,2,2,0,0
Croatia,Faroe Islands,2,2,0,0
Croatia,Montenegro,2,2,0,0
Croatia,Kosovo,2,2,0,0
Croatia,Schweiz B,3,2,0,1
Croatia,Portugal,10,1,2,7
Croatia,Switzerland,4,1,2,1
Croatia,Cameroon,1,1,0,0
Croatia,Serbia,2,1,1,0
Croatia,Brazil,6,1,1,4
Croatia,Finland,2,1,1,0
Croatia,Nigeria,1,1,0,0
Croatia,Senegal,1,1,0,0
Croatia,Canada,1,1,0,0
Croatia,Iran,2,1,1,0
Croatia,Tunisia,2,1,0,1
Croatia,Jamaica,1,1,0,0
Croatia,Egypt,2,1,1,0
Croatia,Mali,1,1,0,0
Croatia,Saudi Arabia,1,1,0,0
Croatia,Colombia,1,1,0,0
Croatia,Lithuania,2,1,1,0
Croatia,N. Ireland,1,1,0,0
Croatia,Indonesia,1,1,0,0
Croatia,Qatar,1,1,0,0
Croatia,Jordan,1,1,0,0
Croatia,Hong Kong,1,1,0,0
Croatia,Romania B,1,1,0,0
Croatia,USA XI,1,1,0,0
Croatia,Albania,1,0,1,0
Croatia,Peru,1,0,0,1
Croatia,Chile,1,0,0,1
Croatia,China,1,0,0,1
Croatia,Ecuador,1,0,0,1
Croatia,Yugoslavia,2,0,2,0
Curaçao,Aruba,6,5,0,1
Curaçao,US Virgin,4,4,0,0
Curaçao,Honduras,6,3,1,2
Curaçao,Cuba,6,3,2,1
Curaçao,Grenada,4,3,1,0
Curaçao,Panama,8,2,3,3
Curaçao,Jamaica,5,2,2,1
Curaçao,Costa Rica,7,2,1,4
Curaçao,Haiti,6,2,2,2
Curaçao,Bermuda,2,2,0,0
Curaçao,Puerto Rico,4,2,2,0
Curaçao,Saint Lucia,4,2,0,2
Curaçao,Guadeloupe,2,2,0,0
Curaçao,Saint-Martin,2,2,0,0
Curaçao,Bonaire,2,2,0,0
Curaçao,Venezuela,1,1,0,0
Curaçao,Bolivia,2,1,1,0
Curaçao,Trinidad,5,1,2,2
Curaçao,Vietnam,1,1,0,0
Curaçao,El Salvador,11,1,4,6
Curaçao,India,1,1,0,0
Curaçao,Qatar,1,1,0,0
Curaçao,Dominican Rep.,3,1,0,2
Curaçao,Nicaragua,2,1,1,0
Curaçao,Suriname,5,1,1,3
Curaçao,Guyana,2,1,0,1
Curaçao,Antigua and B.,4,1,0,3
Curaçao,Barbados,2,1,0,1
Curaçao,B. Virgin,1,1,0,0
Curaçao,Montserrat,2,1,1,0
Curaçao,St. Vincent,3,1,0,2
Curaçao,Martinique,3,1,1,1
Curaçao,Netherlands,1,0,0,1
Curaçao,Scotland,1,0,0,1
Curaçao,Australia,1,0,0,1
Curaçao,Argentina,1,0,0,1
Curaçao,USA,1,0,0,1
Curaçao,Canada,4,0,1,3
Curaçao,Colombia,1,0,0,1
Curaçao,China,1,0,0,1
Curaçao,Mexico,1,0,0,1
Curaçao,Bahrain,1,0,0,1
Curaçao,New Zealand,1,0,0,1
Curaçao,Guatemala,4,0,4,0
Curaçao,Indonesia,2,0,0,2
Curaçao,St. Kitts/Nevis,1,0,0,1
Curaçao,French Guiana,2,0,1,1
Egypt,Uganda,14,13,0,1
Egypt,Ivory Coast,22,12,4,6
Egypt,Zambia,18,11,3,4
Egypt,Cameroon,18,10,4,4
Egypt,Ghana,23,10,7,6
Egypt,Sudan,13,10,1,2
Egypt,Tunisia,26,9,4,13
Egypt,Ethiopia,12,9,1,2
Egypt,Kenya,12,8,4,0
Egypt,Tanzania,7,7,0,0
Egypt,Nigeria,20,6,6,8
Egypt,Zimbabwe,8,6,2,0
Egypt,Togo,8,6,1,1
Egypt,DR Congo,9,6,2,1
Egypt,Guinea,10,6,3,1
Egypt,Libya,9,6,0,3
Egypt,Senegal,14,5,2,7
Egypt,Namibia,6,5,1,0
Egypt,South Africa,13,5,1,7
Egypt,Saudi Arabia,8,5,1,2
Egypt,Mozambique,6,5,1,0
Egypt,Burkina Faso,8,5,3,0
Egypt,Mauritius,5,5,0,0
Egypt,Botswana,8,5,3,0
Egypt,Algeria,18,4,6,8
Egypt,Congo,4,4,0,0
Egypt,Benin,5,4,1,0
Egypt,Gabon,5,4,1,0
Egypt,Malawi,6,4,1,1
Egypt,Niger,6,4,1,1
Egypt,Mauritania,5,4,1,0
Egypt,Djibouti,4,4,0,0
Egypt,Greece,10,3,2,5
Egypt,Belgium,4,3,0,1
Egypt,Bulgaria,6,3,2,1
Egypt,Morocco,17,3,7,7
Egypt,Angola,6,3,3,0
Egypt,Mali,7,3,1,3
Egypt,Rwanda,3,3,0,0
Egypt,Liberia,4,3,0,1
Egypt,Chad,4,3,0,1
Egypt,Qatar,7,3,1,3
Egypt,Turkiye,5,2,0,3
Egypt,Finland,2,2,0,0
Egypt,Sweden,4,2,0,2
Egypt,Lebanon,2,2,0,0
Egypt,Malta,2,2,0,0
Egypt,Guinea-Bissau,3,2,1,0
Egypt,UAE,5,2,3,0
Egypt,Mand Palestine,2,2,0,0
Egypt,China,2,2,0,0
Egypt,Sierra Leone,4,2,1,1
Egypt,New Zealand,3,2,1,0
Egypt,Swaziland,2,2,0,0
Egypt,Burundi,3,2,1,0
Egypt,ČSR,2,2,0,0
Egypt,Germany,1,1,0,0
Egypt,Portugal,4,1,0,3
Egypt,Italy,5,1,0,4
Egypt,Netherlands,2,1,1,0
Egypt,Scotland,1,1,0,0
Egypt,Austria,3,1,1,1
Egypt,Kuwait,5,1,2,2
Egypt,Australia,1,1,0,0
Egypt,Poland,2,1,1,0
Egypt,Bosnia,1,1,0,0
Egypt,Romania,6,1,2,3
Egypt,Russia,2,1,0,1
Egypt,Belarus,1,1,0,0
Egypt,Hungary,5,1,1,3
Egypt,Slovakia,1,1,0,0
Egypt,USA,2,1,0,1
Egypt,Canada,1,1,0,0
Egypt,Iraq,2,1,1,0
Egypt,South Korea,10,1,5,4
Egypt,Chile,3,1,0,2
Egypt,Lithuania,1,1,0,0
Egypt,Cape Verde,4,1,3,0
Egypt,Mexico,4,1,1,2
Egypt,Trinidad,1,1,0,0
Egypt,Bahrain,1,1,0,0
Egypt,Equat. Guinea,1,1,0,0
Egypt,Syria,1,1,0,0
Egypt,Madagascar,2,1,0,1
Egypt,North Korea,1,1,0,0
Egypt,Jordan,3,1,0,2
Egypt,Comoros,2,1,1,0
Egypt,Yugoslavia,5,1,1,3
Egypt,South Sudan,1,1,0,0
Egypt,USSR B,1,1,0,0
Egypt,England,3,0,0,3
Egypt,Spain,2,0,1,1
Egypt,France,1,0,0,1
Egypt,Switzerland,1,0,0,1
Egypt,Japan,2,0,0,2
Egypt,Denmark,3,0,1,2
Egypt,Argentina,2,0,0,2
Egypt,Brazil,6,0,0,6
Egypt,Norway,6,0,3,3
Egypt,Uruguay,2,0,0,2
Egypt,Ireland,1,0,1,0
Egypt,Croatia,2,0,1,1
Egypt,Uzbekistan,1,0,0,1
Egypt,Luxembourg,1,0,1,0
Egypt,Iran,2,0,1,1
Egypt,Georgia,1,0,1,0
Egypt,Jamaica,1,0,1,0
Egypt,Colombia,1,0,1,0
Egypt,Macedonia,1,0,1,0
Egypt,Bolivia,1,0,1,0
Egypt,Thailand,1,0,1,0
Egypt,Estonia,2,0,2,0
Egypt,Central Africa,2,0,1,1
Egypt,Oman,1,0,1,0
Egypt,East Germany,5,0,0,5
Egypt,Zaire,1,0,0,1
Egypt,USSR,2,0,0,2
Egypt,Austria,1,0,0,1
Ecuador,Bolivia,32,20,8,4
Ecuador,Venezuela,33,15,6,12
Ecuador,Peru,42,13,14,15
Ecuador,Chile,51,11,12,28
Ecuador,Paraguay,37,10,8,19
Ecuador,Colombia,41,9,10,22
Ecuador,Uruguay,46,8,9,29
Ecuador,Argentina,42,6,11,25
Ecuador,Honduras,13,6,5,2
Ecuador,Costa Rica,12,6,5,1
Ecuador,El Salvador,9,6,2,1
Ecuador,USA,16,5,6,5
Ecuador,Panama,7,5,2,0
Ecuador,Guatemala,7,5,2,0
Ecuador,Jamaica,5,4,1,0
Ecuador,Mexico,25,4,7,14
Ecuador,Australia,3,2,0,1
Ecuador,Brazil,37,2,7,28
Ecuador,Canada,4,2,2,0
Ecuador,Zambia,2,2,0,0
Ecuador,Estonia,2,2,0,0
Ecuador,Haiti,3,2,0,1
Ecuador,Portugal,2,1,0,1
Ecuador,Turkiye,1,1,0,0
Ecuador,Bulgaria,2,1,0,1
Ecuador,Poland,3,1,1,1
Ecuador,Finland,1,1,0,0
Ecuador,Nigeria,2,1,1,0
Ecuador,Romania,1,1,0,0
Ecuador,Croatia,1,1,0,0
Ecuador,Sweden,2,1,1,0
Ecuador,Iran,4,1,2,1
Ecuador,South Korea,2,1,0,1
Ecuador,Saudi Arabia,2,1,1,0
Ecuador,Cape Verde,1,1,0,0
Ecuador,Armenia,1,1,0,0
Ecuador,Trinidad,1,1,0,0
Ecuador,New Zealand,1,1,0,0
Ecuador,Qatar,2,1,0,1
Ecuador,Yugoslavia,1,1,0,0
Ecuador,Germany,2,0,0,2
Ecuador,England,3,0,1,2
Ecuador,Spain,2,0,0,2
Ecuador,Italy,3,0,1,2
Ecuador,France,2,0,1,1
Ecuador,Greece,1,0,1,0
Ecuador,Netherlands,4,0,3,1
Ecuador,Scotland,1,0,0,1
Ecuador,Switzerland,1,0,0,1
Ecuador,Japan,4,0,2,2
Ecuador,Belarus,1,0,1,0
Ecuador,Senegal,3,0,0,3
Ecuador,Ireland,2,0,1,1
Ecuador,Iraq,1,0,1,0
Ecuador,Morocco,1,0,1,0
Ecuador,South Africa,1,0,1,0
Ecuador,Macedonia,1,0,0,1
Ecuador,Uganda,1,0,0,1
Ecuador,Oman,1,0,1,0
Ecuador,East Germany,2,0,1,1
Scotland,Wales,107,61,23,23
Scotland,England,116,41,26,49
Scotland,Ireland,47,34,6,7
Scotland,N. Ireland,62,34,14,14
Scotland,Denmark,20,12,1,7
Scotland,Norway,19,9,7,3
Scotland,Cyprus,9,9,0,0
Scotland,Faroe Islands,11,9,2,0
Scotland,France,17,8,0,9
Scotland,Switzerland,17,8,4,5
Scotland,San Marino,8,8,0,0
Scotland,Austria,23,7,8,8
Scotland,Israel,11,7,2,2
Scotland,Australia,8,6,1,1
Scotland,Finland,9,6,3,0
Scotland,Iceland,7,6,0,1
Scotland,Malta,7,6,1,0
Scotland,Lithuania,10,6,3,1
Scotland,Estonia,8,6,2,0
Scotland,Netherlands,20,5,5,10
Scotland,Canada,6,5,1,0
Scotland,Sweden,12,5,1,6
Scotland,ČSR,10,5,1,4
Scotland,Germany,18,4,5,9
Scotland,Portugal,17,4,4,9
Scotland,Spain,15,4,4,7
Scotland,Belgium,20,4,3,13
Scotland,Czechia,10,4,1,5
Scotland,Belarus,6,4,1,1
Scotland,Latvia,4,4,0,0
Scotland,Luxembourg,5,4,1,0
Scotland,Greece,6,3,0,3
Scotland,Bulgaria,6,3,3,0
Scotland,Poland,13,3,6,4
Scotland,Hungary,10,3,2,5
Scotland,Croatia,8,3,3,2
Scotland,Georgia,6,3,1,2
Scotland,Liechtenstein,3,3,0,0
Scotland,Moldova,4,3,1,0
Scotland,Gibraltar,3,3,0,0
Scotland,Bosnia,2,2,0,0
Scotland,Romania,6,2,2,2
Scotland,Slovakia,4,2,0,2
Scotland,USA,7,2,3,2
Scotland,Albania,2,2,0,0
Scotland,Slovenia,5,2,3,0
Scotland,Ukraine,5,2,1,2
Scotland,Chile,2,2,0,0
Scotland,Macedonia,4,2,1,1
Scotland,Armenia,2,2,0,0
Scotland,East Germany,6,2,1,3
Scotland,Yugoslavia,8,2,5,1
Scotland,Italy,11,1,2,8
Scotland,Argentina,4,1,1,2
Scotland,Serbia,3,1,1,1
Scotland,Uruguay,4,1,1,2
Scotland,Peru,4,1,1,2
Scotland,South Africa,2,1,0,1
Scotland,Ecuador,1,1,0,0
Scotland,Trinidad,1,1,0,0
Scotland,Kazakhstan,2,1,0,1
Scotland,New Zealand,2,1,1,0
Scotland,Qatar,1,1,0,0
Scotland,CIS,5,1,1,3
Scotland,Netherlands B,1,1,0,0
Scotland,Zaire,1,1,0,0
Scotland,Canada U23,1,1,0,0
Scotland,Curaçao,1,1,0,0
Scotland,Norway U23,1,1,0,0
Scotland,Turkiye,2,0,0,2
Scotland,Japan,4,0,2,2
Scotland,Brazil,10,0,2,8
Scotland,Nigeria,2,0,1,1
Scotland,Russia,4,0,2,2
Scotland,Morocco,1,0,0,1
Scotland,Paraguay,1,0,0,1
Scotland,Iran,1,0,1,0
Scotland,South Korea,1,0,0,1
Scotland,Ivory Coast,1,0,0,1
Scotland,Egypt,1,0,0,1
Scotland,Saudi Arabia,1,0,1,0
Scotland,Colombia,3,0,2,1
Scotland,Mexico,1,0,0,1
Scotland,Costa Rica,2,0,0,2
Spain,Switzerland,27,20,5,2
Spain,Portugal,41,18,16,7
Spain,France,38,18,7,13
Spain,Italy,41,16,13,12
Spain,Ireland,26,16,6,4
Spain,Denmark,19,15,2,2
Spain,Belgium,23,12,5,6
Spain,N. Ireland,19,12,5,2
Spain,England,28,11,3,14
Spain,Germany,27,9,9,9
Spain,Austria,16,9,3,4
Spain,Albania,9,9,0,0
Spain,Cyprus,10,9,0,1
Spain,Georgia,10,9,0,1
Spain,Yugoslavia,19,9,5,5
Spain,Greece,12,8,3,1
Spain,Poland,11,8,2,1
Spain,Sweden,18,8,6,4
Spain,Malta,8,8,0,0
Spain,Chile,11,8,2,1
Spain,Liechtenstein,8,8,0,0
Spain,Scotland,15,7,4,4
Spain,Turkiye,13,7,5,1
Spain,Norway,10,7,2,1
Spain,Romania,18,7,6,5
Spain,Croatia,11,7,1,3
Spain,Iceland,10,7,2,1
Spain,Macedonia,7,7,0,0
Spain,Netherlands,15,6,3,6
Spain,Bulgaria,7,6,1,0
Spain,Argentina,14,6,2,6
Spain,Bosnia,8,6,2,0
Spain,Luxembourg,6,6,0,0
Spain,Lithuania,7,6,1,0
Spain,Armenia,6,6,0,0
Spain,Finland,8,5,2,1
Spain,Czechia,7,5,2,0
Spain,Uruguay,10,5,5,0
Spain,Hungary,13,5,5,3
Spain,Slovakia,7,5,1,1
Spain,Ukraine,7,5,1,1
Spain,Israel,6,5,1,0
Spain,Mexico,8,5,3,0
Spain,Russia,7,4,2,1
Spain,Belarus,4,4,0,0
Spain,Venezuela,4,4,0,0
Spain,USA,5,4,0,1
Spain,South Korea,6,4,1,1
Spain,Faroe Islands,4,4,0,0
Spain,San Marino,4,4,0,0
Spain,ČSR,12,4,1,7
Spain,Serbia,4,3,1,0
Spain,Latvia,4,3,1,0
Spain,Peru,3,3,0,0
Spain,South Africa,4,3,0,1
Spain,Saudi Arabia,3,3,0,0
Spain,Wales,6,3,2,1
Spain,Costa Rica,4,3,1,0
Spain,Brazil,10,2,3,5
Spain,Canada,2,2,0,0
Spain,Morocco,4,2,1,1
Spain,Paraguay,4,2,2,0
Spain,Slovenia,2,2,0,0
Spain,Tunisia,2,2,0,0
Spain,Bolivia,2,2,0,0
Spain,China,2,2,0,0
Spain,Ecuador,2,2,0,0
Spain,Estonia,2,2,0,0
Spain,Andorra,2,2,0,0
Spain,CIS,7,2,2,3
Spain,Kosovo,2,2,0,0
Spain,Australia,1,1,0,0
Spain,Japan,2,1,0,1
Spain,Nigeria,2,1,0,1
Spain,Iraq,2,1,1,0
Spain,Panama,1,1,0,0
Spain,Iran,1,1,0,0
Spain,Honduras,2,1,1,0
Spain,Ivory Coast,1,1,0,0
Spain,Algeria,1,1,0,0
Spain,Egypt,2,1,1,0
Spain,Colombia,4,1,2,1
Spain,Azerbaijan,1,1,0,0
Spain,New Zealand,1,1,0,0
Spain,Equat. Guinea,1,1,0,0
Spain,El Salvador,1,1,0,0
Spain,Haiti,1,1,0,0
Spain,Jordan,1,1,0,0
Spain,Puerto Rico,1,1,0,0
Spain,Tahiti,1,1,0,0
Spain,East Germany,3,0,2,1
Spain,Serbia-Mont.,2,0,2,0
USA,Mexico,79,25,16,38
USA,Trinidad,31,23,4,4
USA,Jamaica,35,22,10,3
USA,Costa Rica,44,21,6,17
USA,Honduras,28,20,4,4
USA,El Salvador,28,20,7,1
USA,Canada,45,19,11,15
USA,Panama,29,19,4,6
USA,Guatemala,28,17,6,5
USA,Cuba,14,12,1,1
USA,Haiti,19,8,5,6
USA,Poland,17,7,3,7
USA,Bermuda,10,6,1,3
USA,Paraguay,9,5,2,2
USA,China,8,5,2,1
USA,Ecuador,16,5,6,5
USA,Grenada,5,5,0,0
USA,Germany,12,4,0,8
USA,Venezuela,7,4,2,1
USA,Sweden,7,4,0,3
USA,Saudi Arabia,8,4,2,2
USA,Barbados,4,4,0,0
USA,Ghana,5,3,0,2
USA,Uruguay,10,3,4,3
USA,Iceland,7,3,2,2
USA,Peru,7,3,2,2
USA,Chile,11,3,3,5
USA,South Africa,3,3,0,0
USA,Colombia,22,3,3,16
USA,Bolivia,9,3,4,2
USA,Martinique,3,3,0,0
USA,England,12,2,2,8
USA,Portugal,8,2,3,3
USA,Scotland,7,2,3,2
USA,Turkiye,5,2,1,2
USA,Australia,4,2,1,1
USA,Japan,4,2,0,2
USA,Argentina,11,2,2,7
USA,Norway,5,2,1,2
USA,Nigeria,2,2,0,0
USA,Bosnia,3,2,1,0
USA,Ireland,10,2,2,6
USA,South Korea,8,2,2,4
USA,Israel,6,2,1,3
USA,Estonia,2,2,0,0
USA,New Zealand,4,2,2,0
USA,Antigua and B.,2,2,0,0
USA,St. Vincent,2,2,0,0
USA,Spain,5,1,0,4
USA,Italy,11,1,3,7
USA,Netherlands,6,1,0,5
USA,Belgium,7,1,0,6
USA,Austria,3,1,0,2
USA,Switzerland,10,1,4,5
USA,Kuwait,1,1,0,0
USA,Denmark,6,1,2,3
USA,Brazil,20,1,1,18
USA,Finland,1,1,0,0
USA,Czechia,3,1,0,2
USA,Romania,4,1,1,2
USA,Hungary,3,1,1,1
USA,Senegal,1,1,0,0
USA,Latvia,1,1,0,0
USA,Uzbekistan,1,1,0,0
USA,Morocco,4,1,0,3
USA,Luxembourg,1,1,0,0
USA,Iran,3,1,1,1
USA,Malta,1,1,0,0
USA,Slovenia,3,1,1,1
USA,Ivory Coast,1,1,0,0
USA,Algeria,1,1,0,0
USA,Egypt,2,1,0,1
USA,Wales,3,1,2,0
USA,Liechtenstein,1,1,0,0
USA,N. Ireland,1,1,0,0
USA,Thailand,1,1,0,0
USA,Moldova,2,1,1,0
USA,Armenia,1,1,0,0
USA,Azerbaijan,1,1,0,0
USA,Qatar,1,1,0,0
USA,Oman,1,1,0,0
USA,Nicaragua,1,1,0,0
USA,Guyana,1,1,0,0
USA,Belize,1,1,0,0
USA,CIS,4,1,1,2
USA,Cayman Islands,1,1,0,0
USA,N. Antilles,2,1,1,0
USA,Puerto Rico,1,1,0,0
USA,St. Kitts/Nevis,1,1,0,0
USA,Guadeloupe,1,1,0,0
USA,Curaçao,1,1,0,0
USA,France,4,0,1,3
USA,Greece,1,0,1,0
USA,Cameroon,1,0,1,0
USA,Serbia,2,0,1,1
USA,Russia,5,0,3,2
USA,Slovakia,1,0,0,1
USA,Tunisia,1,0,1,0
USA,Ukraine,4,0,1,3
USA,Macedonia,1,0,1,0
USA,North Korea,1,0,0,1
USA,East Germany,1,0,0,1
USA,ČSR,1,0,0,1
USA,Yugoslavia,1,0,0,1
USA,USSR U21,1,0,0,1
USA,East Germany,1,0,0,1
USA,USSR B,2,0,0,2
USA,Scotland XI,1,0,0,1
USA,N. Ireland XI,1,0,0,1
France,Belgium,78,29,19,30
France,Portugal,29,20,3,6
France,Luxembourg,19,17,1,1
France,Germany,35,16,7,12
France,Netherlands,31,16,4,11
France,Switzerland,39,16,10,13
France,Austria,26,14,3,9
France,Spain,38,13,7,18
France,Italy,41,13,8,20
France,Sweden,23,12,5,6
France,Iceland,17,12,5,0
France,Bulgaria,23,11,4,8
France,England,32,10,5,17
France,Finland,11,10,0,1
France,Ireland,19,10,5,4
France,Scotland,17,9,0,8
France,Denmark,18,9,2,7
France,Poland,18,9,6,3
France,Yugoslavia,26,9,7,10
France,Romania,16,8,5,3
France,Hungary,23,8,3,12
France,Ukraine,14,8,5,1
France,Greece,10,7,2,1
France,Brazil,16,7,3,6
France,Norway,15,7,4,4
France,Croatia,12,7,3,2
France,Albania,9,7,1,1
France,Cyprus,8,7,1,0
France,ČSR,20,7,4,9
France,Faroe Islands,6,6,0,0
France,Japan,6,5,0,1
France,Israel,11,5,5,1
France,N. Ireland,8,5,3,0
France,Armenia,5,5,0,0
France,Mexico,7,5,1,1
France,Andorra,5,5,0,0
France,Turkiye,6,4,1,1
France,Australia,6,4,1,1
France,Russia,7,4,1,2
France,Morocco,6,4,1,1
France,Colombia,5,4,0,1
France,Lithuania,4,4,0,0
France,Wales,6,4,1,1
France,Azerbaijan,4,4,0,0
France,Argentina,13,3,3,7
France,Serbia,5,3,2,0
France,Bosnia,6,3,3,0
France,Uruguay,10,3,4,3
France,Belarus,6,3,2,1
France,USA,4,3,1,0
France,Paraguay,5,3,2,0
France,Slovenia,3,3,0,0
France,Georgia,4,3,1,0
France,Chile,6,3,1,2
France,South Africa,5,3,1,1
France,All-Star-Team,3,3,0,0
France,Kuwait,2,2,0,0
France,Cameroon,3,2,1,0
France,Slovakia,4,2,1,1
France,Malta,2,2,0,0
France,South Korea,3,2,1,0
France,Ivory Coast,4,2,1,1
France,Tunisia,5,2,2,1
France,Moldova,2,2,0,0
France,Costa Rica,2,2,0,0
France,Kazakhstan,2,2,0,0
France,East Germany,7,2,2,3
France,USSR,12,2,6,4
France,Gibraltar,2,2,0,0
France,Nigeria,2,1,0,1
France,Czechia,4,1,1,2
France,Canada,2,1,1,0
France,Latvia,1,1,0,0
France,Iran,1,1,0,0
France,Peru,2,1,0,1
France,Honduras,1,1,0,0
France,Algeria,1,1,0,0
France,Jamaica,1,1,0,0
France,Egypt,1,1,0,0
France,Saudi Arabia,1,1,0,0
France,Togo,1,1,0,0
France,Bolivia,1,1,0,0
France,China,2,1,0,1
France,Ecuador,2,1,1,0
France,Estonia,1,1,0,0
France,New Zealand,1,1,0,0
France,India,1,1,0,0
France,N. Ireland U21,1,1,0,0
France,England B,8,1,1,6
France,England Ama.,2,1,0,1
France,Senegal,1,0,0,1
France,Ireland U23,1,0,0,1
France,Great Britain,1,0,0,1
Ghana,Nigeria,27,9,10,8
Ghana,Tunisia,18,9,4,5
Ghana,Sudan,15,9,2,4
Ghana,Mali,16,8,5,3
Ghana,Togo,13,8,2,3
Ghana,Guinea,13,7,4,2
Ghana,Ivory Coast,16,6,3,7
Ghana,Egypt,23,6,7,10
Ghana,Congo,7,6,1,0
Ghana,DR Congo,12,6,3,3
Ghana,Benin,13,6,5,2
Ghana,Gabon,11,6,3,2
Ghana,Lesotho,7,6,1,0
Ghana,Zambia,9,5,0,4
Ghana,South Africa,15,5,4,6
Ghana,Mozambique,8,5,3,0
Ghana,Ethiopia,7,5,1,1
Ghana,Zimbabwe,6,4,1,1
Ghana,South Korea,9,4,0,5
Ghana,Cape Verde,6,4,0,2
Ghana,Burkina Faso,11,4,0,7
Ghana,Malawi,5,4,1,0
Ghana,Uganda,13,4,6,3
Ghana,Niger,7,4,1,2
Ghana,Angola,8,3,4,1
Ghana,Algeria,8,3,2,3
Ghana,The Gambia,4,3,1,0
Ghana,Sierra Leone,6,3,2,1
Ghana,Liberia,7,3,2,2
Ghana,Central Africa,4,3,1,0
Ghana,Swaziland,3,3,0,0
Ghana,Madagascar,6,3,2,1
Ghana,Tanzania,6,3,2,1
Ghana,Cameroon,7,2,3,2
Ghana,Japan,8,2,0,6
Ghana,Senegal,7,2,3,2
Ghana,USA,5,2,0,3
Ghana,Namibia,4,2,1,1
Ghana,Morocco,10,2,3,5
Ghana,Jamaica,2,2,0,0
Ghana,Rwanda,4,2,1,1
Ghana,Libya,7,2,2,3
Ghana,Kenya,5,2,1,2
Ghana,Somalia,2,2,0,0
Ghana,Mauritius,2,2,0,0
Ghana,São Tomé and P.,2,2,0,0
Ghana,Comoros,5,2,1,2
Ghana,Zaire,3,2,0,1
Ghana,Switzerland,1,1,0,0
Ghana,Australia,7,1,2,4
Ghana,Serbia,1,1,0,0
Ghana,Czechia,1,1,0,0
Ghana,Latvia,1,1,0,0
Ghana,Chile,2,1,1,0
Ghana,Guinea-Bissau,1,1,0,0
Ghana,Saudi Arabia,4,1,2,1
Ghana,Trinidad,1,1,0,0
Ghana,Equat. Guinea,1,1,0,0
Ghana,Eritrea,1,1,0,0
Ghana,Indonesia,1,1,0,0
Ghana,Chad,2,1,1,0
Ghana,Qatar,1,1,0,0
Ghana,Mauritania,1,1,0,0
Ghana,Botswana,2,1,1,0
Ghana,Nicaragua,1,1,0,0
Ghana,East Germany,1,1,0,0
Ghana,Germany,4,0,1,3
Ghana,England,1,0,1,0
Ghana,Portugal,2,0,0,2
Ghana,Italy,1,0,0,1
Ghana,Greece,1,0,1,0
Ghana,Netherlands,3,0,1,2
Ghana,Turkiye,2,0,2,0
Ghana,Austria,2,0,1,1
Ghana,Bulgaria,1,0,0,1
Ghana,Denmark,1,0,0,1
Ghana,Argentina,1,0,0,1
Ghana,Brazil,5,0,0,5
Ghana,Norway,1,0,0,1
Ghana,Bosnia,1,0,0,1
Ghana,Russia,1,0,0,1
Ghana,Uruguay,2,0,0,2
Ghana,Canada,1,0,1,0
Ghana,Iceland,1,0,1,0
Ghana,Iran,4,0,0,4
Ghana,Slovenia,1,0,0,1
Ghana,Cuba,1,0,1,0
Ghana,Wales,1,0,1,0
Ghana,China,1,0,1,0
Ghana,Mexico,5,0,0,5
Ghana,Montenegro,2,0,0,2
Ghana,Yugoslavia,1,0,0,1
Haiti,Trinidad,27,12,3,12
Haiti,Dominican Rep.,12,9,2,1
Haiti,Cuba,25,8,11,6
Haiti,N. Antilles,13,8,3,2
Haiti,Puerto Rico,8,8,0,0
Haiti,Nicaragua,8,7,0,1
Haiti,Bermuda,9,7,1,1
Haiti,USA,19,6,5,8
Haiti,El Salvador,27,6,8,13
Haiti,Grenada,6,6,0,0
Haiti,Martinique,10,6,1,3
Haiti,Honduras,17,5,1,11
Haiti,Antigua and B.,9,5,2,2
Haiti,St. Kitts/Nevis,6,5,1,0
Haiti,Guatemala,16,4,2,10
Haiti,US Virgin,4,4,0,0
Haiti,Saint Lucia,5,4,0,1
Haiti,St. Vincent,5,4,1,0
Haiti,Panama,11,3,5,3
Haiti,Guyana,4,3,1,0
Haiti,Barbados,3,3,0,0
Haiti,Aruba,3,3,0,0
Haiti,Turks-Caicos,3,3,0,0
Haiti,Sint Maarten,3,3,0,0
Haiti,Jamaica,15,2,3,10
Haiti,Costa Rica,19,2,7,10
Haiti,Qatar,2,2,0,0
Haiti,Suriname,8,2,6,0
Haiti,Bahamas,2,2,0,0
Haiti,Dominica,2,2,0,0
Haiti,Cayman Islands,2,2,0,0
Haiti,Montserrat,2,2,0,0
Haiti,Guadeloupe,4,2,1,1
Haiti,Curaçao,6,2,2,2
Haiti,Saint-Martin,2,2,0,0
Haiti,Poland,3,1,0,2
Haiti,Venezuela,4,1,1,2
Haiti,Canada,11,1,2,8
Haiti,China,2,1,1,0
Haiti,Ecuador,3,1,0,2
Haiti,Azerbaijan,1,1,0,0
Haiti,New Zealand,1,1,0,0
Haiti,Jordan,1,1,0,0
Haiti,Belize,1,1,0,0
Haiti,B. Virgin,1,1,0,0
Haiti,French Guiana,5,1,2,2
Haiti,Spain,1,0,0,1
Haiti,Italy,2,0,1,1
Haiti,Japan,1,0,1,0
Haiti,Argentina,3,0,0,3
Haiti,Brazil,3,0,0,3
Haiti,Iceland,1,0,1,0
Haiti,Peru,4,0,1,3
Haiti,South Korea,1,0,0,1
Haiti,Tunisia,1,0,0,1
Haiti,Chile,4,0,1,3
Haiti,Saudi Arabia,1,0,0,1
Haiti,Colombia,2,0,0,2
Haiti,Bolivia,2,0,0,2
Haiti,Mexico,11,0,2,9
Haiti,Bahrain,1,0,0,1
Haiti,Syria,1,0,0,1
Haiti,Oman,1,0,0,1
Netherlands,Belgium,129,57,31,41
Netherlands,Switzerland,33,15,3,15
Netherlands,Luxembourg,18,15,1,2
Netherlands,Denmark,32,13,9,10
Netherlands,Finland,16,13,2,1
Netherlands,Ireland,24,13,4,7
Netherlands,Germany,48,12,18,18
Netherlands,Hungary,20,12,3,5
Netherlands,Sweden,25,12,5,8
Netherlands,France,31,11,4,16
Netherlands,Norway,23,11,7,5
Netherlands,Romania,15,11,3,1
Netherlands,Scotland,20,10,5,5
Netherlands,Austria,21,10,4,7
Netherlands,Poland,22,10,9,3
Netherlands,Iceland,13,10,1,2
Netherlands,Wales,10,10,0,0
Netherlands,England,30,9,9,12
Netherlands,Greece,11,9,1,1
Netherlands,Cyprus,9,9,0,0
Netherlands,Belarus,10,8,0,2
Netherlands,Malta,8,8,0,0
Netherlands,Turkiye,15,7,4,4
Netherlands,Spain,15,6,3,6
Netherlands,San Marino,6,6,0,0
Netherlands,Andorra,6,6,0,0
Netherlands,East Germany,9,6,1,2
Netherlands,Bulgaria,12,5,2,5
Netherlands,USA,6,5,0,1
Netherlands,Latvia,5,5,0,0
Netherlands,Estonia,6,5,1,0
Netherlands,Yugoslavia,9,5,1,3
Netherlands,Argentina,10,4,2,4
Netherlands,Brazil,12,4,4,4
Netherlands,Albania,4,4,0,0
Netherlands,Israel,4,4,0,0
Netherlands,N. Ireland,8,4,3,1
Netherlands,Moldova,4,4,0,0
Netherlands,Mexico,9,4,1,4
Netherlands,Gibraltar,4,4,0,0
Netherlands,Italy,24,3,9,12
Netherlands,Czechia,12,3,3,6
Netherlands,Peru,4,3,1,0
Netherlands,North Macedonia,5,3,2,0
Netherlands,ČSR,10,3,1,6
Netherlands,CIS,7,3,2,2
Netherlands,Portugal,14,2,4,8
Netherlands,Cameroon,3,2,1,0
Netherlands,Japan,3,2,1,0
Netherlands,Ghana,3,2,1,0
Netherlands,Bosnia,4,2,2,0
Netherlands,Uruguay,6,2,1,3
Netherlands,Slovakia,3,2,1,0
Netherlands,Canada,2,2,0,0
Netherlands,Morocco,3,2,0,1
Netherlands,Slovenia,2,2,0,0
Netherlands,South Korea,2,2,0,0
Netherlands,Ivory Coast,2,2,0,0
Netherlands,Ukraine,3,2,1,0
Netherlands,South Africa,2,2,0,0
Netherlands,Lithuania,2,2,0,0
Netherlands,China,2,2,0,0
Netherlands,Armenia,2,2,0,0
Netherlands,Kazakhstan,2,2,0,0
Netherlands,Saar,2,2,0,0
Netherlands,Australia,4,1,2,1
Netherlands,Nigeria,1,1,0,0
Netherlands,Russia,3,1,1,1
Netherlands,Senegal,1,1,0,0
Netherlands,Croatia,3,1,0,2
Netherlands,Paraguay,2,1,1,0
Netherlands,Iran,1,1,0,0
Netherlands,Georgia,1,1,0,0
Netherlands,Tunisia,3,1,2,0
Netherlands,Chile,2,1,1,0
Netherlands,Saudi Arabia,1,1,0,0
Netherlands,Liechtenstein,1,1,0,0
Netherlands,Thailand,1,1,0,0
Netherlands,Ecuador,4,1,3,0
Netherlands,Costa Rica,1,1,0,0
Netherlands,Faroe Islands,1,1,0,0
Netherlands,Montenegro,2,1,1,0
Netherlands,Indonesia,1,1,0,0
Netherlands,Qatar,1,1,0,0
Netherlands,Suriname,1,1,0,0
Netherlands,N. Antilles,2,1,1,0
Netherlands,Serbia-Mont.,1,1,0,0
Netherlands,Curaçao,1,1,0,0
Netherlands,Algeria,1,0,0,1
Netherlands,Egypt,2,0,1,1
Netherlands,Colombia,1,0,1,0
Netherlands,Great Britain,2,0,0,2
Netherlands,England Ama.,3,0,1,2
England,Wales,105,70,21,14
England,Scotland,116,49,26,41
England,N. Ireland,63,46,12,5
England,Ireland,54,37,12,5
England,Switzerland,28,20,5,3
England,France,32,17,5,10
England,Germany,38,16,7,15
England,Belgium,26,16,5,5
England,Hungary,26,16,3,7
England,Spain,28,14,3,11
England,Denmark,23,13,6,4
England,Netherlands,30,12,9,9
England,Poland,21,12,8,1
England,Austria,19,11,4,4
England,Finland,13,11,2,0
England,Portugal,23,10,8,5
England,Italy,32,10,9,13
England,Turkiye,11,9,2,0
England,Sweden,25,9,9,7
England,Luxembourg,9,9,0,0
England,Greece,11,8,2,1
England,Bulgaria,12,8,4,0
England,USA,12,8,2,2
England,Albania,8,8,0,0
England,San Marino,8,8,0,0
England,Andorra,8,8,0,0
England,Norway,12,7,3,2
England,Malta,7,7,0,0
England,ČSR,12,7,3,2
England,Argentina,14,6,5,3
England,Slovakia,7,6,1,0
England,Croatia,11,6,2,3
England,Ukraine,10,6,3,1
England,Mexico,9,6,1,2
England,Australia,8,5,2,1
England,Slovenia,7,5,2,0
England,CIS,12,5,4,3
England,Yugoslavia,14,5,5,4
England,Brazil,27,4,11,12
England,Czechia,6,4,1,1
England,Colombia,6,4,2,0
England,Lithuania,4,4,0,0
England,Moldova,4,4,0,0
England,Estonia,4,4,0,0
England,Cameroon,4,3,1,0
England,Serbia,3,3,0,0
England,Romania,12,3,6,3
England,Uruguay,12,3,4,5
England,Iceland,6,3,1,2
England,Paraguay,3,3,0,0
England,Egypt,3,3,0,0
England,North Macedonia,6,3,3,0
England,Montenegro,6,3,3,0
England,East Germany,4,3,1,0
England,Japan,4,2,1,1
England,Nigeria,3,2,1,0
England,Belarus,2,2,0,0
England,Latvia,2,2,0,0
England,Peru,3,2,0,1
England,Cyprus,2,2,0,0
England,Georgia,2,2,0,0
England,Tunisia,3,2,1,0
England,South Africa,2,2,0,0
England,Israel,4,2,2,0
England,Liechtenstein,2,2,0,0
England,Ecuador,3,2,1,0
England,Trinidad,2,2,0,0
England,Azerbaijan,2,2,0,0
England,Kazakhstan,2,2,0,0
England,New Zealand,2,2,0,0
England,All-Star-Team,3,2,1,0
England,Kosovo,2,2,0,0
England,Kuwait,1,1,0,0
England,Bosnia,1,1,0,0
England,Russia,3,1,1,1
England,Senegal,2,1,0,1
England,Canada,1,1,0,0
England,Morocco,2,1,1,0
England,Panama,1,1,0,0
England,Iran,1,1,0,0
England,Ivory Coast,1,1,0,0
England,Jamaica,1,1,0,0
England,Chile,6,1,3,2
England,China,1,1,0,0
England,Costa Rica,2,1,1,0
England,Malaysia,1,1,0,0
England,Serbia-Mont.,1,1,0,0
England,F.A. CAN Tour XI,1,1,0,0
England,Ghana,1,0,1,0
England,South Korea,1,0,1,0
England,Honduras,1,0,1,0
England,Algeria,1,0,1,0
England,Saudi Arabia,2,0,2,0
IR Iran,Syria,33,21,11,1
IR Iran,Kuwait,37,18,10,9
IR Iran,Iraq,30,18,5,7
IR Iran,Qatar,28,18,5,5
IR Iran,North Korea,24,18,6,0
IR Iran,UAE,21,17,3,1
IR Iran,China,26,15,5,6
IR Iran,Pakistan,18,15,1,2
IR Iran,South Korea,32,13,8,11
IR Iran,Thailand,14,11,3,0
IR Iran,Uzbekistan,18,10,5,3
IR Iran,Lebanon,12,10,1,1
IR Iran,Bahrain,19,9,5,5
IR Iran,India,12,9,1,2
IR Iran,Hong Kong,9,9,0,0
IR Iran,Japan,19,7,6,6
IR Iran,Oman,13,7,4,2
IR Iran,Jordan,14,7,3,4
IR Iran,Kyrgyzstan,6,6,0,0
IR Iran,Bangladesh,6,6,0,0
IR Iran,Maldives,6,6,0,0
IR Iran,Bosnia,8,5,1,2
IR Iran,Saudi Arabia,15,5,4,6
IR Iran,Turkmenistan,10,5,3,2
IR Iran,Nepal,5,5,0,0
IR Iran,Chinese Taipei,5,5,0,0
IR Iran,Ghana,4,4,0,0
IR Iran,Indonesia,4,4,0,0
IR Iran,Tajikistan,5,4,1,0
IR Iran,Singapore,5,4,1,0
IR Iran,Malaysia,4,4,0,0
IR Iran,Yemen,4,4,0,0
IR Iran,Cambodia,4,4,0,0
IR Iran,Palestine,7,4,3,0
IR Iran,Australia,6,3,2,1
IR Iran,Afghanistan,4,3,1,0
IR Iran,Algeria,5,3,0,2
IR Iran,Israel,5,3,1,1
IR Iran,Kenya,3,3,0,0
IR Iran,Sri Lanka,3,3,0,0
IR Iran,Burma,5,3,0,2
IR Iran,Laos,3,3,0,0
IR Iran,Guam,3,3,0,0
IR Iran,USSR U21,8,3,1,4
IR Iran,Venezuela,3,2,1,0
IR Iran,Canada,3,2,0,1
IR Iran,Morocco,2,2,0,0
IR Iran,Panama,2,2,0,0
IR Iran,Angola,4,2,2,0
IR Iran,Jamaica,2,2,0,0
IR Iran,Togo,2,2,0,0
IR Iran,Macedonia,4,2,1,1
IR Iran,Trinidad,2,2,0,0
IR Iran,Costa Rica,3,2,1,0
IR Iran,Azerbaijan,3,2,1,0
IR Iran,Kazakhstan,2,2,0,0
IR Iran,South Yemen,2,2,0,0
IR Iran,Polen B,2,2,0,0
IR Iran,Bulgaria,2,1,1,0
IR Iran,Cameroon,4,1,2,1
IR Iran,Denmark,2,1,1,0
IR Iran,Russia,4,1,2,1
IR Iran,Uruguay,2,1,1,0
IR Iran,Slovakia,2,1,0,1
IR Iran,USA,3,1,1,1
IR Iran,Ireland,3,1,0,2
IR Iran,Iceland,1,1,0,0
IR Iran,Paraguay,1,1,0,0
IR Iran,Georgia,1,1,0,0
IR Iran,Egypt,2,1,1,0
IR Iran,Mali,2,1,0,1
IR Iran,Ukraine,1,1,0,0
IR Iran,Chile,3,1,1,1
IR Iran,Zambia,1,1,0,0
IR Iran,Lithuania,1,1,0,0
IR Iran,Wales,2,1,0,1
IR Iran,Cape Verde,1,1,0,0
IR Iran,Mozambique,1,1,0,0
IR Iran,Bolivia,1,1,0,0
IR Iran,Ecuador,4,1,2,1
IR Iran,The Gambia,1,1,0,0
IR Iran,Sierra Leone,1,1,0,0
IR Iran,Armenia,1,1,0,0
IR Iran,Libya,1,1,0,0
IR Iran,Vietnam,1,1,0,0
IR Iran,New Zealand,2,1,1,0
IR Iran,Montenegro,2,1,1,0
IR Iran,Mauritania,1,1,0,0
IR Iran,Madagascar,1,1,0,0
IR Iran,Tanzania,1,1,0,0
IR Iran,Papua N. Guinea,1,1,0,0
IR Iran,Philippines,1,1,0,0
IR Iran,Nicaragua,1,1,0,0
IR Iran,Zaire,1,1,0,0
IR Iran,Türkiye U23,4,1,2,1
IR Iran,Netherlands Ol.,1,1,0,0
IR Iran,Austria,1,1,0,0
IR Iran,Germany,2,0,0,2
IR Iran,England,1,0,0,1
IR Iran,Portugal,3,0,1,2
IR Iran,Spain,1,0,0,1
IR Iran,France,1,0,0,1
IR Iran,Netherlands,1,0,0,1
IR Iran,Scotland,1,0,1,0
IR Iran,Turkiye,7,0,2,5
IR Iran,Austria,1,0,0,1
IR Iran,Argentina,2,0,0,2
IR Iran,Brazil,1,0,0,1
IR Iran,Poland,2,0,0,2
IR Iran,Nigeria,3,0,1,2
IR Iran,Romania,2,0,2,0
IR Iran,Belarus,3,0,2,1
IR Iran,Hungary,3,0,0,3
IR Iran,Senegal,2,0,2,0
IR Iran,Croatia,2,0,1,1
IR Iran,Sweden,1,0,0,1
IR Iran,Albania,1,0,0,1
IR Iran,Peru,1,0,0,1
IR Iran,Cyprus,1,0,1,0
IR Iran,Tunisia,4,0,2,2
IR Iran,Guinea,2,0,1,1
IR Iran,Mexico,3,0,0,3
IR Iran,Poland U21,1,0,0,1
IR Iran,Guatemala,1,0,1,0
IR Iran,Uganda,1,0,0,1
IR Iran,Botswana,1,0,1,0
IR Iran,ČSR,1,0,0,1
IR Iran,USSR,2,0,0,2
IR Iran,Yugoslavia,3,0,1,2
IR Iran,Brazil U23,1,0,1,0
Iraq,Jordan,35,21,5,9
Iraq,Palestine,17,13,3,1
Iraq,Qatar,24,12,2,10
Iraq,Thailand,17,10,5,2
Iraq,Yemen,13,10,3,0
Iraq,Saudi Arabia,29,9,8,12
Iraq,UAE,26,9,9,8
Iraq,China,17,9,2,6
Iraq,Bahrain,24,9,9,6
Iraq,Syria,22,9,8,5
Iraq,Oman,20,8,8,4
Iraq,Kuwait,23,7,7,9
Iraq,Iran,30,7,5,18
Iraq,Lebanon,13,7,5,1
Iraq,Indonesia,10,7,2,1
Iraq,Pakistan,9,7,1,1
Iraq,Vietnam,7,6,1,0
Iraq,North Korea,9,5,1,3
Iraq,South Korea,23,4,8,11
Iraq,India,4,4,0,0
Iraq,Nepal,4,4,0,0
Iraq,Chinese Taipei,4,4,0,0
Iraq,Japan,12,3,2,7
Iraq,Uzbekistan,11,3,3,5
Iraq,Singapore,4,3,0,1
Iraq,Malaysia,5,3,2,0
Iraq,Hong Kong,3,3,0,0
Iraq,Myanmar,3,3,0,0
Iraq,Australia,10,2,2,6
Iraq,Finland,2,2,0,0
Iraq,Afghanistan,2,2,0,0
Iraq,Algeria,5,2,2,1
Iraq,Zambia,2,2,0,0
Iraq,DR Congo,2,2,0,0
Iraq,Kyrgyzstan,2,2,0,0
Iraq,Kenya,2,2,0,0
Iraq,New Zealand,3,2,1,0
Iraq,Philippines,2,2,0,0
Iraq,Cambodia,2,2,0,0
Iraq,Macau,2,2,0,0
Iraq,South Yemen,2,2,0,0
Iraq,Bulgaria,1,1,0,0
Iraq,Poland,5,1,2,2
Iraq,Tunisia,4,1,0,3
Iraq,Bolivia,2,1,1,0
Iraq,Moldova,1,1,0,0
Iraq,Sierra Leone,1,1,0,0
Iraq,Azerbaijan,1,1,0,0
Iraq,Andorra,1,1,0,0
Iraq,Sudan,3,1,2,0
Iraq,Uganda,2,1,1,0
Iraq,Ethiopia,1,1,0,0
Iraq,Tajikistan,2,1,1,0
Iraq,Turkmenistan,1,1,0,0
Iraq,Ceylon,1,1,0,0
Iraq,East Germany,5,1,3,1
Iraq,Egypt U23,1,1,0,0
Iraq,Spain,2,0,1,1
Iraq,Turkiye,1,0,1,0
Iraq,Belgium,1,0,0,1
Iraq,Argentina,1,0,0,1
Iraq,Brazil,1,0,0,1
Iraq,Nigeria,1,0,0,1
Iraq,Romania,2,0,2,0
Iraq,Russia,1,0,0,1
Iraq,Uruguay,1,0,0,1
Iraq,Morocco,1,0,0,1
Iraq,Paraguay,1,0,0,1
Iraq,Peru,1,0,0,1
Iraq,Cyprus,1,0,0,1
Iraq,Egypt,2,0,1,1
Iraq,Chile,1,0,0,1
Iraq,South Africa,1,0,1,0
Iraq,Colombia,1,0,0,1
Iraq,Guinea,1,0,0,1
Iraq,Ecuador,1,0,1,0
Iraq,Estonia,1,0,1,0
Iraq,Mexico,2,0,0,2
Iraq,Trinidad,1,0,0,1
Iraq,Kazakhstan,4,0,2,2
Iraq,Liberia,1,0,0,1
Iraq,Botswana,1,0,1,0
Japan,South Korea,75,19,18,38
Japan,China,28,16,6,6
Japan,Hong Kong,27,16,4,7
Japan,Singapore,15,14,1,0
Japan,Australia,28,12,9,7
Japan,Saudi Arabia,18,11,2,5
Japan,Thailand,16,11,3,2
Japan,Bahrain,13,11,0,2
Japan,Philippines,12,11,0,1
Japan,Indonesia,13,10,1,2
Japan,Oman,13,10,2,1
Japan,North Korea,20,10,3,7
Japan,Syria,9,8,1,0
Japan,Iraq,12,7,2,3
Japan,Uzbekistan,11,7,3,1
Japan,India,8,7,0,1
Japan,Ghana,8,6,0,2
Japan,Iran,19,6,6,7
Japan,Nepal,6,6,0,0
Japan,Myanmar,6,6,0,0
Japan,Paraguay,12,5,4,3
Japan,Tunisia,6,5,0,1
Japan,UAE,16,5,6,5
Japan,Vietnam,6,5,1,0
Japan,Bangladesh,5,5,0,0
Japan,Yemen,5,5,0,0
Japan,Iceland,4,4,0,0
Japan,Tajikistan,4,4,0,0
Japan,Chinese Taipei,6,4,2,0
Japan,Macau,4,4,0,0
Japan,Cameroon,5,3,2,0
Japan,Canada,4,3,0,1
Japan,Afghanistan,3,3,0,0
Japan,Ivory Coast,5,3,0,2
Japan,Kyrgyzstan,3,3,0,0
Japan,Bolivia,4,3,1,0
Japan,Costa Rica,5,3,1,1
Japan,New Zealand,5,3,0,2
Japan,Sri Lanka,3,3,0,0
Japan,Jordan,6,3,2,1
Japan,Malaysia,10,3,2,5
Japan,Cambodia,3,3,0,0
Japan,Germany,4,2,1,1
Japan,Scotland,4,2,2,0
Japan,Turkiye,3,2,0,1
Japan,Belgium,6,2,2,2
Japan,Poland,7,2,0,5
Japan,Finland,2,2,0,0
Japan,Uruguay,8,2,3,3
Japan,Slovakia,3,2,1,0
Japan,USA,4,2,0,2
Japan,Panama,2,2,0,0
Japan,Peru,6,2,2,2
Japan,Honduras,3,2,1,0
Japan,Jamaica,4,2,1,1
Japan,Egypt,2,2,0,0
Japan,Ecuador,4,2,2,0
Japan,Kazakhstan,3,2,1,0
Japan,Guatemala,2,2,0,0
Japan,El Salvador,2,2,0,0
Japan,Qatar,9,2,4,3
Japan,Brunei,2,2,0,0
Japan,Mongolia,2,2,0,0
Japan,Yugoslavia,4,2,0,2
Japan,South Vietnam,3,2,0,1
Japan,England,4,1,1,2
Japan,Spain,2,1,0,1
Japan,France,6,1,0,5
Japan,Greece,2,1,1,0
Japan,Switzerland,3,1,0,2
Japan,Bulgaria,6,1,1,4
Japan,Kuwait,5,1,0,4
Japan,Denmark,2,1,0,1
Japan,Argentina,7,1,0,6
Japan,Serbia,3,1,0,2
Japan,Brazil,14,1,2,11
Japan,Nigeria,3,1,1,1
Japan,Czechia,3,1,2,0
Japan,Bosnia,3,1,1,1
Japan,Russia,1,1,0,0
Japan,Latvia,2,1,1,0
Japan,Croatia,4,1,1,2
Japan,Sweden,5,1,2,2
Japan,Luxembourg,1,1,0,0
Japan,Angola,1,1,0,0
Japan,Lebanon,1,1,0,0
Japan,Malta,1,1,0,0
Japan,Cyprus,1,1,0,0
Japan,Ukraine,3,1,0,2
Japan,Chile,3,1,1,1
Japan,Zambia,1,1,0,0
Japan,Togo,1,1,0,0
Japan,Colombia,6,1,1,4
Japan,Mexico,7,1,1,5
Japan,Trinidad,2,1,1,0
Japan,Azerbaijan,1,1,0,0
Japan,Montenegro,1,1,0,0
Japan,Turkmenistan,1,1,0,0
Japan,Pakistan,1,1,0,0
Japan,Palestine,1,1,0,0
Japan,Serbia-Mont.,1,1,0,0
Japan,Iran U23,1,1,0,0
Japan,Malaysia B,1,1,0,0
Japan,Myanmar B,1,1,0,0
Japan,Italy,3,0,1,2
Japan,Netherlands,3,0,1,2
Japan,Austria,1,0,0,1
Japan,Norway,1,0,0,1
Japan,Romania,4,0,1,3
Japan,Belarus,1,0,0,1
Japan,Hungary,2,0,0,2
Japan,Senegal,4,0,2,2
Japan,Venezuela,5,0,4,1
Japan,Mali,1,0,1,0
Japan,South Africa,1,0,1,0
Japan,Wales,1,0,0,1
Japan,Israel,8,0,0,8
Japan,Haiti,1,0,1,0
Japan,USSR,3,0,0,3
Japan,USSR U23,1,0,0,1
Japan,USSR,2,0,1,1
Jordan,Iraq,35,9,5,21
Jordan,Pakistan,9,9,0,0
Jordan,Oman,14,8,4,2
Jordan,Kuwait,20,6,9,5
Jordan,Lebanon,12,6,4,2
Jordan,Syria,19,6,4,9
Jordan,Palestine,9,6,3,0
Jordan,Saudi Arabia,10,5,1,4
Jordan,Bahrain,11,5,1,5
Jordan,Tajikistan,7,5,1,1
Jordan,Singapore,7,5,1,1
Jordan,Iran,14,4,3,7
Jordan,Nepal,5,4,1,0
Jordan,Chinese Taipei,4,4,0,0
Jordan,Australia,8,3,0,5
Jordan,Uzbekistan,14,3,4,7
Jordan,Libya,7,3,2,2
Jordan,Indonesia,3,3,0,0
Jordan,Qatar,17,3,3,11
Jordan,North Korea,7,3,2,2
Jordan,Malaysia,4,3,1,0
Jordan,Afghanistan,3,2,1,0
Jordan,Cyprus,5,2,2,1
Jordan,Egypt,3,2,0,1
Jordan,Kyrgyzstan,6,2,1,3
Jordan,UAE,10,2,4,4
Jordan,India,2,2,0,0
Jordan,Turkmenistan,4,2,0,2
Jordan,Bangladesh,2,2,0,0
Jordan,Hong Kong,4,2,2,0
Jordan,Cambodia,2,2,0,0
Jordan,Laos,2,2,0,0
Jordan,Japan,6,1,2,3
Jordan,Nigeria,3,1,1,1
Jordan,Belarus,2,1,0,1
Jordan,Zimbabwe,1,1,0,0
Jordan,Malta,3,1,0,2
Jordan,South Korea,9,1,4,4
Jordan,Georgia,2,1,0,1
Jordan,Jamaica,1,1,0,0
Jordan,Zambia,1,1,0,0
Jordan,Lithuania,1,1,0,0
Jordan,China,10,1,4,5
Jordan,Moldova,2,1,0,1
Jordan,Sierra Leone,1,1,0,0
Jordan,Trinidad,1,1,0,0
Jordan,Kazakhstan,2,1,0,1
Jordan,New Zealand,2,1,0,1
Jordan,Sudan,2,1,1,0
Jordan,Chad,1,1,0,0
Jordan,Dominican Rep.,1,1,0,0
Jordan,Philippines,1,1,0,0
Jordan,Ceylon,1,1,0,0
Jordan,South Sudan,1,1,0,0
Jordan,Kosovo,1,1,0,0
Jordan,Spain,1,0,0,1
Jordan,Switzerland,1,0,0,1
Jordan,Bulgaria,1,0,0,1
Jordan,Serbia,1,0,0,1
Jordan,Norway,2,0,1,1
Jordan,Finland,1,0,0,1
Jordan,Bosnia,2,0,1,1
Jordan,Russia,1,0,1,0
Jordan,Uruguay,2,0,1,1
Jordan,Hungary,1,0,1,0
Jordan,Slovakia,1,0,0,1
Jordan,Croatia,1,0,0,1
Jordan,Sweden,1,0,1,0
Jordan,Albania,2,0,1,1
Jordan,Morocco,2,0,0,2
Jordan,Paraguay,1,0,0,1
Jordan,Ivory Coast,1,0,0,1
Jordan,Algeria,1,0,1,0
Jordan,Tunisia,2,0,1,1
Jordan,Mali,1,0,1,0
Jordan,Congo,1,0,1,0
Jordan,Colombia,1,0,0,1
Jordan,Bolivia,1,0,0,1
Jordan,Thailand,3,0,2,1
Jordan,Estonia,1,0,0,1
Jordan,Armenia,1,0,1,0
Jordan,Mexico,1,0,1,0
Jordan,Costa Rica,1,0,1,0
Jordan,Azerbaijan,3,0,1,2
Jordan,Vietnam,3,0,2,1
Jordan,Kenya,1,0,1,0
Jordan,Haiti,1,0,0,1
Jordan,Yemen,2,0,2,0
Jordan,South Yemen,1,0,0,1
Morocco,Zambia,17,13,2,2
Morocco,Senegal,20,12,5,3
Morocco,Tunisia,31,10,16,5
Morocco,Gabon,20,10,4,6
Morocco,Niger,9,9,0,0
Morocco,Algeria,20,8,8,4
Morocco,Mali,16,8,4,4
Morocco,Guinea,16,8,6,2
Morocco,Burkina Faso,11,8,2,1
Morocco,Tanzania,9,8,0,1
Morocco,Nigeria,11,7,0,4
Morocco,Egypt,17,7,7,3
Morocco,Namibia,7,6,1,0
Morocco,Angola,9,6,2,1
Morocco,Libya,11,6,5,0
Morocco,Ghana,10,5,3,2
Morocco,Ivory Coast,16,5,6,5
Morocco,Congo,7,5,2,0
Morocco,Togo,10,5,3,2
Morocco,The Gambia,7,5,1,1
Morocco,Sierra Leone,6,5,1,0
Morocco,Malawi,7,5,2,0
Morocco,Central Africa,7,5,2,0
Morocco,Benin,5,4,0,1
Morocco,Mozambique,5,4,0,1
Morocco,Equat. Guinea,5,4,0,1
Morocco,Comoros,5,4,1,0
Morocco,Cameroon,14,3,4,7
Morocco,USA,4,3,0,1
Morocco,Luxembourg,3,3,0,0
Morocco,Zimbabwe,5,3,2,0
Morocco,DR Congo,7,3,3,1
Morocco,UAE,6,3,2,1
Morocco,Kenya,6,3,2,1
Morocco,Sudan,8,3,4,1
Morocco,Uganda,5,3,0,2
Morocco,Burundi,3,3,0,0
Morocco,Mauritania,6,3,3,0
Morocco,East Germany,4,3,0,1
Morocco,Portugal,3,2,0,1
Morocco,Belgium,4,2,0,2
Morocco,Switzerland,2,2,0,0
Morocco,Bulgaria,6,2,3,1
Morocco,Slovakia,2,2,0,0
Morocco,Canada,3,2,1,0
Morocco,Guinea-Bissau,2,2,0,0
Morocco,South Africa,9,2,3,4
Morocco,Saudi Arabia,3,2,0,1
Morocco,Rwanda,4,2,1,1
Morocco,Cape Verde,4,2,2,0
Morocco,Trinidad,2,2,0,0
Morocco,Bahrain,2,2,0,0
Morocco,Liberia,3,2,0,1
Morocco,Lesotho,2,2,0,0
Morocco,Madagascar,2,2,0,0
Morocco,Botswana,3,2,1,0
Morocco,São Tomé and P.,2,2,0,0
Morocco,Jordan,2,2,0,0
Morocco,Zaire,7,2,3,2
Morocco,Spain,4,1,1,2
Morocco,France,6,1,1,4
Morocco,Netherlands,3,1,0,2
Morocco,Scotland,1,1,0,0
Morocco,Denmark,1,1,0,0
Morocco,Serbia,1,1,0,0
Morocco,Brazil,3,1,0,2
Morocco,Poland,4,1,2,1
Morocco,Romania,3,1,0,2
Morocco,Iraq,1,1,0,0
Morocco,Uzbekistan,1,1,0,0
Morocco,Paraguay,2,1,1,0
Morocco,South Korea,3,1,2,0
Morocco,Georgia,1,1,0,0
Morocco,Jamaica,1,1,0,0
Morocco,Chile,2,1,1,0
Morocco,Estonia,1,1,0,0
Morocco,Armenia,1,1,0,0
Morocco,Costa Rica,1,1,0,0
Morocco,Syria,1,1,0,0
Morocco,Ethiopia,1,1,0,0
Morocco,Yemen,1,1,0,0
Morocco,Palestine,1,1,0,0
Morocco,Germany,4,0,0,4
Morocco,England,2,0,1,1
Morocco,Italy,1,0,0,1
Morocco,Greece,1,0,1,0
Morocco,Australia,1,0,0,1
Morocco,Argentina,3,0,0,3
Morocco,Norway,1,0,1,0
Morocco,Finland,2,0,1,1
Morocco,Czechia,1,0,1,0
Morocco,Russia,1,0,0,1
Morocco,Uruguay,1,0,0,1
Morocco,Ireland,1,0,0,1
Morocco,Croatia,3,0,1,2
Morocco,Albania,1,0,1,0
Morocco,Iran,2,0,0,2
Morocco,Peru,2,0,1,1
Morocco,Ukraine,1,0,1,0
Morocco,Colombia,1,0,0,1
Morocco,N. Ireland,2,0,1,1
Morocco,Ecuador,1,0,1,0
Morocco,Qatar,1,0,1,0
Morocco,Oman,2,0,2,0
Morocco,Hong Kong,1,0,1,0
Morocco,USSR,3,0,1,2
Morocco,Yugoslavia,2,0,0,2
Morocco,USSR,1,0,0,1
Mexico,USA,79,38,16,25
Mexico,El Salvador,40,34,2,4
Mexico,Costa Rica,52,29,18,5
Mexico,Honduras,45,27,9,9
Mexico,Canada,37,22,10,5
Mexico,Panama,29,21,6,2
Mexico,Jamaica,29,21,5,3
Mexico,Guatemala,29,18,6,5
Mexico,Ecuador,25,14,7,4
Mexico,Trinidad,23,14,6,3
Mexico,Bolivia,14,11,2,1
Mexico,Brazil,41,10,7,24
Mexico,Venezuela,14,10,3,1
Mexico,Paraguay,21,10,5,6
Mexico,Chile,24,10,5,9
Mexico,Cuba,9,9,0,0
Mexico,Haiti,11,9,2,0
Mexico,South Korea,15,8,2,5
Mexico,Uruguay,20,7,5,8
Mexico,Peru,16,7,4,5
Mexico,New Zealand,7,7,0,0
Mexico,St. Vincent,7,7,0,0
Mexico,Saudi Arabia,7,6,1,0
Mexico,Colombia,23,6,7,10
Mexico,Japan,7,5,1,1
Mexico,Ghana,5,5,0,0
Mexico,Hungary,7,5,1,1
Mexico,Bermuda,6,5,0,1
Mexico,Netherlands,9,4,1,4
Mexico,Bulgaria,12,4,5,3
Mexico,Nigeria,7,4,3,0
Mexico,Iceland,6,4,2,0
Mexico,Suriname,4,4,0,0
Mexico,Belgium,8,3,3,2
Mexico,Norway,6,3,1,2
Mexico,Poland,9,3,3,3
Mexico,Finland,4,3,1,0
Mexico,Bosnia,4,3,0,1
Mexico,Iran,3,3,0,0
Mexico,China,3,3,0,0
Mexico,N. Antilles,6,3,2,1
Mexico,Martinique,3,3,0,0
Mexico,Germany,13,2,5,6
Mexico,England,9,2,1,6
Mexico,Australia,7,2,3,2
Mexico,Cameroon,3,2,1,0
Mexico,Denmark,7,2,1,4
Mexico,Argentina,28,2,10,16
Mexico,Serbia,2,2,0,0
Mexico,Senegal,2,2,0,0
Mexico,Ireland,6,2,4,0
Mexico,Croatia,6,2,0,4
Mexico,Sweden,11,2,3,6
Mexico,Iraq,2,2,0,0
Mexico,Egypt,4,2,1,1
Mexico,South Africa,4,2,1,1
Mexico,Wales,5,2,2,1
Mexico,Nicaragua,2,2,0,0
Mexico,Guyana,2,2,0,0
Mexico,Belize,2,2,0,0
Mexico,Dominica,2,2,0,0
Mexico,St. Kitts/Nevis,2,2,0,0
Mexico,Guadeloupe,2,2,0,0
Mexico,Italy,12,1,4,7
Mexico,France,7,1,1,5
Mexico,Greece,4,1,2,1
Mexico,Scotland,1,1,0,0
Mexico,Turkiye,1,1,0,0
Mexico,Switzerland,6,1,1,4
Mexico,Romania,2,1,0,1
Mexico,Russia,3,1,0,2
Mexico,Albania,1,1,0,0
Mexico,Angola,2,1,1,0
Mexico,Slovenia,2,1,0,1
Mexico,Ivory Coast,1,1,0,0
Mexico,Algeria,2,1,1,0
Mexico,Ukraine,1,1,0,0
Mexico,Zambia,1,1,0,0
Mexico,DR Congo,1,1,0,0
Mexico,Israel,2,1,0,1
Mexico,N. Ireland,2,1,0,1
Mexico,Estonia,1,1,0,0
Mexico,The Gambia,1,1,0,0
Mexico,Liberia,1,1,0,0
Mexico,Dominican Rep.,1,1,0,0
Mexico,North Korea,1,1,0,0
Mexico,ČSR,2,1,0,1
Mexico,USSR,10,1,7,2
Mexico,Yugoslavia,7,1,1,5
Mexico,Curaçao,1,1,0,0
Mexico,USSR B,3,1,1,1
Mexico,North Yemen,1,1,0,0
Mexico,Portugal,6,0,3,3
Mexico,Spain,8,0,3,5
Mexico,Kuwait,1,0,1,0
Mexico,Czechia,1,0,0,1
Mexico,Belarus,1,0,0,1
Mexico,Uzbekistan,1,0,1,0
Mexico,Luxembourg,1,0,0,1
Mexico,Tunisia,1,0,0,1
Mexico,UAE,1,0,1,0
Mexico,Libya,1,0,0,1
Mexico,Qatar,1,0,0,1
Mexico,Jordan,1,0,1,0
Mexico,East Germany,4,0,2,2
Norway,Finland,68,41,17,10
Norway,Sweden,110,27,25,58
Norway,Denmark,89,20,14,55
Norway,Iceland,34,20,6,8
Norway,Cyprus,13,13,0,0
Norway,Malta,12,10,2,0
Norway,Luxembourg,12,9,1,2
Norway,N. Ireland,11,9,0,2
Norway,Switzerland,20,8,6,6
Norway,Slovenia,13,8,3,2
Norway,Moldova,7,6,1,0
Norway,Estonia,9,6,2,1
Norway,Italy,19,5,4,10
Norway,Netherlands,23,5,7,11
Norway,Bulgaria,16,5,4,7
Norway,Hungary,19,5,5,9
Norway,Faroe Islands,5,5,0,0
Norway,France,15,4,4,7
Norway,Poland,19,4,3,12
Norway,Ireland,19,4,8,7
Norway,Georgia,5,4,1,0
Norway,Wales,11,4,4,3
Norway,Azerbaijan,6,4,1,1
Norway,San Marino,4,4,0,0
Norway,Scotland,19,3,7,9
Norway,Turkiye,11,3,3,5
Norway,Austria,14,3,2,9
Norway,Romania,15,3,7,5
Norway,Belarus,7,3,2,2
Norway,Slovakia,5,3,1,1
Norway,Egypt,6,3,3,0
Norway,Israel,4,3,0,1
Norway,Montenegro,4,3,0,1
Norway,Germany,22,2,5,15
Norway,England,12,2,3,7
Norway,Greece,9,2,2,5
Norway,Argentina,2,2,0,0
Norway,Brazil,4,2,2,0
Norway,Bosnia,4,2,0,2
Norway,USA,5,2,1,2
Norway,Latvia,4,2,1,1
Norway,Albania,5,2,2,1
Norway,South Korea,4,2,1,1
Norway,South Africa,3,2,0,1
Norway,Lithuania,2,2,0,0
Norway,Macedonia,4,2,1,1
Norway,Thailand,2,2,0,0
Norway,Armenia,3,2,1,0
Norway,Mexico,6,2,1,3
Norway,Bermuda,2,2,0,0
Norway,Yugoslavia,13,2,1,10
Norway,Gibraltar,2,2,0,0
Norway,Ungarn Amateure,2,2,0,0
Norway,W. Germany (AT),2,2,0,0
Norway,Portugal,11,1,2,8
Norway,Spain,10,1,2,7
Norway,Australia,3,1,1,1
Norway,Cameroon,1,1,0,0
Norway,Japan,1,1,0,0
Norway,Serbia,4,1,1,2
Norway,Ghana,1,1,0,0
Norway,Czechia,9,1,3,5
Norway,Russia,4,1,3,0
Norway,Croatia,5,1,1,3
Norway,Panama,1,1,0,0
Norway,Honduras,1,1,0,0
Norway,Tunisia,2,1,1,0
Norway,Jamaica,2,1,1,0
Norway,Saudi Arabia,1,1,0,0
Norway,UAE,3,1,2,0
Norway,Bahrain,1,1,0,0
Norway,Costa Rica,2,1,1,0
Norway,Kazakhstan,2,1,1,0
Norway,New Zealand,2,1,1,0
Norway,Guatemala,1,1,0,0
Norway,Qatar,1,1,0,0
Norway,Oman,1,1,0,0
Norway,Grenada,1,1,0,0
Norway,Singapore,1,1,0,0
Norway,North Korea,1,1,0,0
Norway,Jordan,2,1,1,0
Norway,East Germany,7,1,1,5
Norway,Serbia-Mont.,1,1,0,0
Norway,Kosovo,1,1,0,0
Norway,England Ama.,3,1,1,1
Norway,Denmark League,2,1,1,0
Norway,Austria Amat.,1,1,0,0
Norway,Ireland Olym.,2,1,1,0
Norway,Belgium,9,0,3,6
Norway,Kuwait,3,0,2,1
Norway,Nigeria,1,0,1,0
Norway,Uruguay,2,0,1,1
Norway,Senegal,1,0,0,1
Norway,Morocco,1,0,1,0
Norway,Paraguay,1,0,1,0
Norway,Ukraine,5,0,1,4
Norway,Zambia,1,0,1,0
Norway,Colombia,1,0,1,0
Norway,China,1,0,0,1
Norway,Trinidad,1,0,0,1
Norway,ČSR,4,0,0,4
Norway,USSR,8,0,1,7
Norway,Saar,2,0,1,1
Norway,South Korea U23,1,0,0,1
Norway,Great Britain,1,0,1,0
Norway,Sweden,1,0,1,0
Norway,Switzerland,2,0,1,1
Norway,Hungary,1,0,1,0
Norway,Poland,2,0,0,2
Norway,USSR,4,0,1,3
Norway,East Germany,2,0,1,1
Norway,Bulgaria,2,0,1,1
Norway,Türkiye,2,0,2,0
Norway,Wales U23,1,0,0,1
New Zealand,Fiji,17,14,1,2
New Zealand,Australia,58,12,8,38
New Zealand,Vanuatu,13,12,0,1
New Zealand,Solomons,14,12,2,0
New Zealand,Tahiti,11,10,0,1
New Zealand,Chinese Taipei,11,9,2,0
New Zealand,New Caledonia,10,8,1,1
New Zealand,Papua N. Guinea,6,5,0,1
New Zealand,Malaysia,5,4,1,0
New Zealand,China,11,3,5,3
New Zealand,Japan,5,2,0,3
New Zealand,Saudi Arabia,7,2,1,4
New Zealand,Bahrain,4,2,1,1
New Zealand,Indonesia,4,2,1,1
New Zealand,Oman,3,2,1,0
New Zealand,Serbia,1,1,0,0
New Zealand,Canada,5,1,1,3
New Zealand,Honduras,2,1,1,0
New Zealand,Ivory Coast,1,1,0,0
New Zealand,Georgia,1,1,0,0
New Zealand,Chile,5,1,1,3
New Zealand,Israel,8,1,1,6
New Zealand,The Gambia,1,1,0,0
New Zealand,India,1,1,0,0
New Zealand,Qatar,1,1,0,0
New Zealand,Samoa,1,1,0,0
New Zealand,Singapore,2,1,0,1
New Zealand,Jordan,2,1,0,1
New Zealand,Cook Islands,1,1,0,0
New Zealand,Curaçao,1,1,0,0
New Zealand,Germany,1,0,0,1
New Zealand,England,2,0,0,2
New Zealand,Portugal,1,0,0,1
New Zealand,Spain,1,0,0,1
New Zealand,Italy,2,0,1,1
New Zealand,France,1,0,0,1
New Zealand,Greece,1,0,0,1
New Zealand,Scotland,2,0,1,1
New Zealand,Turkiye,1,0,0,1
New Zealand,Kuwait,3,0,1,2
New Zealand,Brazil,3,0,0,3
New Zealand,Norway,2,0,1,1
New Zealand,Poland,3,0,1,2
New Zealand,Finland,1,0,0,1
New Zealand,Russia,1,0,0,1
New Zealand,Belarus,1,0,0,1
New Zealand,Hungary,3,0,0,3
New Zealand,Slovakia,1,0,1,0
New Zealand,Venezuela,1,0,0,1
New Zealand,USA,4,0,2,2
New Zealand,Ireland,2,0,1,1
New Zealand,Sweden,1,0,0,1
New Zealand,Iraq,3,0,1,2
New Zealand,Uzbekistan,1,0,0,1
New Zealand,Paraguay,2,0,1,1
New Zealand,Iran,2,0,1,1
New Zealand,Peru,3,0,1,2
New Zealand,Slovenia,1,0,0,1
New Zealand,South Korea,6,0,1,5
New Zealand,Tunisia,1,0,0,1
New Zealand,Jamaica,2,0,0,2
New Zealand,Egypt,3,0,1,2
New Zealand,Ukraine,1,0,0,1
New Zealand,South Africa,6,0,1,5
New Zealand,Colombia,2,0,0,2
New Zealand,Lithuania,1,0,0,1
New Zealand,DR Congo,1,0,1,0
New Zealand,Wales,1,0,1,0
New Zealand,UAE,1,0,0,1
New Zealand,N. Ireland,1,0,0,1
New Zealand,Thailand,2,0,0,2
New Zealand,Ecuador,1,0,0,1
New Zealand,Estonia,2,0,1,1
New Zealand,Mexico,7,0,0,7
New Zealand,Trinidad,1,0,1,0
New Zealand,Costa Rica,2,0,0,2
New Zealand,Kenya,1,0,0,1
New Zealand,El Salvador,1,0,1,0
New Zealand,Haiti,1,0,0,1
New Zealand,Tanzania,1,0,0,1
New Zealand,Botswana,1,0,1,0
New Zealand,Hong Kong,1,0,0,1
New Zealand,Myanmar,1,0,1,0
New Zealand,Macau,1,0,1,0
New Zealand,USSR,1,0,0,1
New Zealand,USSR,5,0,1,4
New Zealand,South Vietnam,1,0,0,1
Panama,Guatemala,42,19,11,12
Panama,El Salvador,47,19,11,17
Panama,Costa Rica,56,18,10,28
Panama,Nicaragua,24,18,1,5
Panama,Honduras,43,11,10,22
Panama,Cuba,19,11,4,4
Panama,Jamaica,20,9,7,4
Panama,Trinidad,18,7,3,8
Panama,USA,29,6,5,18
Panama,Martinique,7,6,1,0
Panama,Venezuela,18,5,8,5
Panama,Bolivia,8,5,1,2
Panama,Belize,7,5,2,0
Panama,Haiti,11,3,5,3
Panama,Grenada,3,3,0,0
Panama,Dominica,3,3,0,0
Panama,Curaçao,8,3,3,2
Panama,Canada,14,2,6,6
Panama,Peru,8,2,1,5
Panama,South Africa,3,2,1,0
Panama,Colombia,7,2,0,5
Panama,Mexico,29,2,6,21
Panama,Dominican Rep.,2,2,0,0
Panama,Bermuda,3,2,0,1
Panama,Guyana,2,2,0,0
Panama,Saint Lucia,2,2,0,0
Panama,Guadeloupe,3,2,0,1
Panama,Bahrain,2,1,0,1
Panama,Qatar,2,1,1,0
Panama,Barbados,1,1,0,0
Panama,Anguilla,1,1,0,0
Panama,Montserrat,1,1,0,0
Panama,Puerto Rico,1,1,0,0
Panama,England,1,0,0,1
Panama,Portugal,1,0,0,1
Panama,Spain,1,0,0,1
Panama,Belgium,1,0,0,1
Panama,Switzerland,1,0,0,1
Panama,Cameroon,1,0,1,0
Panama,Japan,2,0,0,2
Panama,Denmark,1,0,0,1
Panama,Argentina,3,0,0,3
Panama,Serbia,2,0,2,0
Panama,Brazil,6,0,1,5
Panama,Norway,1,0,0,1
Panama,Uruguay,5,0,0,5
Panama,Paraguay,4,0,0,4
Panama,Iran,2,0,0,2
Panama,South Korea,1,0,1,0
Panama,Tunisia,1,0,0,1
Panama,Chile,5,0,1,4
Panama,Saudi Arabia,1,0,1,0
Panama,Wales,1,0,1,0
Panama,N. Ireland,1,0,1,0
Panama,Ecuador,7,0,2,5
Panama,Armenia,1,0,1,0
Panama,Suriname,2,0,2,0
Panama,Macau,1,0,0,1
Panama,N. Antilles,1,0,0,1
Paraguay,Chile,57,27,7,23
Paraguay,Bolivia,41,23,9,9
Paraguay,Venezuela,29,20,4,5
Paraguay,Ecuador,37,19,8,10
Paraguay,Uruguay,55,18,11,26
Paraguay,Colombia,45,17,7,21
Paraguay,Peru,44,16,13,15
Paraguay,Brazil,85,14,19,52
Paraguay,Argentina,55,7,19,29
Paraguay,Guatemala,9,7,2,0
Paraguay,Mexico,21,6,5,10
Paraguay,Panama,4,4,0,0
Paraguay,El Salvador,4,4,0,0
Paraguay,Japan,12,3,4,5
Paraguay,Jamaica,5,3,0,2
Paraguay,Costa Rica,8,3,2,3
Paraguay,Greece,2,2,0,0
Paraguay,USA,9,2,2,5
Paraguay,Nicaragua,2,2,0,0
Paraguay,Scotland,1,1,0,0
Paraguay,Belgium,3,1,1,1
Paraguay,Bulgaria,2,1,1,0
Paraguay,Cameroon,1,1,0,0
Paraguay,Poland,1,1,0,0
Paraguay,Nigeria,2,1,1,0
Paraguay,Romania,2,1,0,1
Paraguay,Slovakia,2,1,1,0
Paraguay,Sweden,3,1,1,1
Paraguay,Iraq,1,1,0,0
Paraguay,Slovenia,1,1,0,0
Paraguay,South Korea,7,1,2,4
Paraguay,Honduras,5,1,3,1
Paraguay,Georgia,1,1,0,0
Paraguay,South Africa,5,1,3,1
Paraguay,Togo,1,1,0,0
Paraguay,UAE,2,1,1,0
Paraguay,Macedonia,1,1,0,0
Paraguay,Armenia,2,1,0,1
Paraguay,Trinidad,1,1,0,0
Paraguay,New Zealand,2,1,1,0
Paraguay,Oman,1,1,0,0
Paraguay,North Korea,1,1,0,0
Paraguay,Jordan,1,1,0,0
Paraguay,Hong Kong,1,1,0,0
Paraguay,Yugoslavia,3,1,1,1
Paraguay,Türkiye U20,1,1,0,0
Paraguay,Germany,2,0,1,1
Paraguay,England,3,0,0,3
Paraguay,Portugal,1,0,1,0
Paraguay,Spain,4,0,2,2
Paraguay,Italy,3,0,1,2
Paraguay,France,5,0,2,3
Paraguay,Netherlands,2,0,1,1
Paraguay,Turkiye,1,0,1,0
Paraguay,Austria,1,0,1,0
Paraguay,Australia,2,0,1,1
Paraguay,Denmark,1,0,1,0
Paraguay,Serbia,1,0,0,1
Paraguay,Norway,1,0,1,0
Paraguay,Ireland,2,0,0,2
Paraguay,Canada,1,0,1,0
Paraguay,Morocco,2,0,1,1
Paraguay,Iran,1,0,0,1
Paraguay,Ivory Coast,2,0,2,0
Paraguay,Saudi Arabia,2,0,2,0
Paraguay,Wales,1,0,1,0
Paraguay,China,2,0,1,1
Paraguay,Qatar,2,0,1,1
Portugal,Luxembourg,21,19,1,1
Portugal,Denmark,18,12,2,4
Portugal,Hungary,16,11,5,0
Portugal,Switzerland,26,10,5,11
Portugal,Ireland,18,10,3,5
Portugal,Cyprus,11,10,1,0
Portugal,Scotland,17,9,4,4
Portugal,Malta,10,9,1,0
Portugal,Netherlands,14,8,4,2
Portugal,Turkiye,10,8,0,2
Portugal,Norway,11,8,2,1
Portugal,Poland,15,8,4,3
Portugal,Sweden,21,8,6,7
Portugal,Liechtenstein,9,8,1,0
Portugal,Spain,41,7,16,18
Portugal,Croatia,10,7,2,1
Portugal,Estonia,8,7,1,0
Portugal,Azerbaijan,8,7,1,0
Portugal,Italy,27,6,3,18
Portugal,France,29,6,3,20
Portugal,Belgium,19,6,7,6
Portugal,Finland,11,6,4,1
Portugal,Latvia,6,6,0,0
Portugal,Armenia,8,6,2,0
Portugal,Andorra,6,6,0,0
Portugal,England,23,5,8,10
Portugal,Czechia,6,5,0,1
Portugal,Bosnia,6,5,1,0
Portugal,Romania,11,5,2,4
Portugal,Slovakia,6,5,1,0
Portugal,Albania,7,5,1,1
Portugal,Germany,20,4,5,11
Portugal,Greece,14,4,5,5
Portugal,Bulgaria,13,4,3,6
Portugal,Brazil,20,4,3,13
Portugal,Russia,7,4,1,2
Portugal,Iceland,5,4,1,0
Portugal,Lithuania,4,4,0,0
Portugal,Israel,7,4,2,1
Portugal,N. Ireland,13,4,7,2
Portugal,Serbia,8,3,4,1
Portugal,USA,8,3,3,2
Portugal,Angola,3,3,0,0
Portugal,Egypt,4,3,0,1
Portugal,Wales,4,3,0,1
Portugal,Mexico,6,3,3,0
Portugal,Kazakhstan,3,3,0,0
Portugal,Faroe Islands,3,3,0,0
Portugal,ČSR,9,3,3,3
Portugal,USSR,4,3,0,1
Portugal,Yugoslavia,5,3,0,2
Portugal,Austria,11,2,6,3
Portugal,Cameroon,2,2,0,0
Portugal,Argentina,8,2,1,5
Portugal,Ghana,2,2,0,0
Portugal,Uruguay,4,2,1,1
Portugal,Iran,3,2,1,0
Portugal,South Africa,2,2,0,0
Portugal,Saudi Arabia,2,2,0,0
Portugal,Mozambique,2,2,0,0
Portugal,North Macedonia,3,2,1,0
Portugal,China,2,2,0,0
Portugal,Qatar,2,2,0,0
Portugal,North Korea,2,2,0,0
Portugal,East Germany,3,2,0,1
Portugal,Spain,3,2,0,1
Portugal,Kuwait,1,1,0,0
Portugal,Nigeria,1,1,0,0
Portugal,Canada,2,1,1,0
Portugal,Morocco,3,1,0,2
Portugal,Panama,1,1,0,0
Portugal,Slovenia,2,1,0,1
Portugal,Algeria,1,1,0,0
Portugal,Georgia,2,1,0,1
Portugal,Ukraine,4,1,1,2
Portugal,Chile,4,1,2,1
Portugal,Cape Verde,3,1,1,1
Portugal,Bolivia,1,1,0,0
Portugal,Ecuador,2,1,0,1
Portugal,Moldova,1,1,0,0
Portugal,New Zealand,1,1,0,0
Portugal,Gibraltar,1,1,0,0
Portugal,Paraguay,1,0,1,0
Portugal,South Korea,2,0,0,2
Portugal,Ivory Coast,1,0,1,0
Portugal,Tunisia,2,0,2,0
Portugal,Gabon,1,0,1,0
Portugal,CSSR,1,0,1,0
Congo DR,Angola,14,8,5,1
Congo DR,Congo,11,7,3,1
Congo DR,Togo,9,7,1,1
Congo DR,Guinea,9,6,1,2
Congo DR,Ethiopia,7,5,0,2
Congo DR,Madagascar,9,5,1,3
Congo DR,Sudan,6,4,0,2
Congo DR,Mauritania,5,4,1,0
Congo DR,Tanzania,10,4,4,2
Congo DR,Ghana,12,3,3,6
Congo DR,Ivory Coast,12,3,3,6
Congo DR,Zambia,9,3,5,1
Congo DR,Sierra Leone,3,3,0,0
Congo DR,Libya,10,3,5,2
Congo DR,Swaziland,4,3,1,0
Congo DR,Burundi,3,3,0,0
Congo DR,Djibouti,4,3,1,0
Congo DR,Cameroon,14,2,4,8
Congo DR,Nigeria,4,2,1,1
Congo DR,Seychelles,2,2,0,0
Congo DR,Zimbabwe,5,2,1,2
Congo DR,Mali,6,2,2,2
Congo DR,Benin,3,2,1,0
Congo DR,Gabon,9,2,3,4
Congo DR,Burkina Faso,8,2,1,5
Congo DR,Kenya,6,2,1,3
Congo DR,Malawi,4,2,1,1
Congo DR,Equat. Guinea,3,2,0,1
Congo DR,Uganda,6,2,1,3
Congo DR,Mauritius,2,2,0,0
Congo DR,Botswana,4,2,2,0
Congo DR,South Sudan,2,2,0,0
Congo DR,Senegal,10,1,3,6
Congo DR,Namibia,3,1,1,1
Congo DR,Morocco,7,1,3,3
Congo DR,Jamaica,1,1,0,0
Congo DR,Egypt,9,1,2,6
Congo DR,South Africa,6,1,1,4
Congo DR,Rwanda,4,1,0,3
Congo DR,Cape Verde,3,1,2,0
Congo DR,The Gambia,3,1,1,1
Congo DR,Liberia,2,1,1,0
Congo DR,Central Africa,2,1,0,1
Congo DR,Niger,2,1,1,0
Congo DR,Bermuda,1,1,0,0
Congo DR,Denmark,1,0,1,0
Congo DR,Romania,1,0,1,0
Congo DR,Iraq,2,0,0,2
Congo DR,Algeria,6,0,4,2
Congo DR,Tunisia,9,0,3,6
Congo DR,Saudi Arabia,1,0,0,1
Congo DR,Mexico,1,0,0,1
Congo DR,Bahrain,1,0,0,1
Congo DR,New Zealand,1,0,1,0
Congo DR,Lesotho,3,0,3,0
Congo DR,Qatar,1,0,1,0
Congo DR,Oman,1,0,1,0
Czechia,Slovakia,14,9,2,3
Czechia,Malta,11,9,2,0
Czechia,Faroe Islands,9,8,0,1
Czechia,San Marino,7,7,0,0
Czechia,Montenegro,7,7,0,0
Czechia,Netherlands,12,6,3,3
Czechia,Belarus,6,6,0,0
Czechia,Lithuania,7,6,0,1
Czechia,Scotland,10,5,1,4
Czechia,Turkiye,12,5,1,6
Czechia,Bulgaria,7,5,1,1
Czechia,Norway,9,5,3,1
Czechia,Poland,10,5,1,4
Czechia,Ireland,9,5,2,2
Czechia,Estonia,5,5,0,0
Czechia,Armenia,6,5,0,1
Czechia,Switzerland,6,4,0,2
Czechia,Denmark,13,4,6,3
Czechia,Iceland,6,4,0,2
Czechia,Cyprus,4,4,0,0
Czechia,Israel,4,4,0,0
Czechia,Belgium,9,3,2,4
Czechia,Finland,5,3,1,1
Czechia,Latvia,4,3,1,0
Czechia,Slovenia,5,3,1,1
Czechia,North Macedonia,4,3,1,0
Czechia,Moldova,4,3,1,0
Czechia,Germany,9,2,0,7
Czechia,Italy,7,2,2,3
Czechia,France,4,2,1,1
Czechia,Austria,5,2,1,2
Czechia,Kuwait,2,2,0,0
Czechia,Nigeria,2,2,0,0
Czechia,Bosnia,2,2,0,0
Czechia,Hungary,9,2,4,3
Czechia,USA,3,2,0,1
Czechia,Canada,2,2,0,0
Czechia,Albania,5,2,2,1
Czechia,Ukraine,7,2,3,2
Czechia,Liechtenstein,2,2,0,0
Czechia,N. Ireland,7,2,3,2
Czechia,Kazakhstan,2,2,0,0
Czechia,Andorra,2,2,0,0
Czechia,Gibraltar,2,2,0,0
Czechia,Kosovo,3,2,0,1
Czechia,England,6,1,1,4
Czechia,Portugal,6,1,0,5
Czechia,Greece,5,1,2,2
Czechia,Australia,2,1,0,1
Czechia,Serbia,2,1,0,1
Czechia,Romania,2,1,0,1
Czechia,Russia,4,1,1,2
Czechia,Uruguay,3,1,0,2
Czechia,Luxembourg,2,1,0,1
Czechia,South Korea,3,1,1,1
Czechia,Georgia,3,1,1,1
Czechia,Saudi Arabia,2,1,1,0
Czechia,Wales,6,1,4,1
Czechia,UAE,2,1,0,1
Czechia,China,1,1,0,0
Czechia,Mexico,1,1,0,0
Czechia,Trinidad,1,1,0,0
Czechia,Costa Rica,1,1,0,0
Czechia,Azerbaijan,3,1,1,1
Czechia,Guatemala,1,1,0,0
Czechia,Qatar,1,1,0,0
Czechia,Yugoslavia,3,1,0,2
Czechia,Belarus,1,1,0,0
Czechia,Spain,7,0,2,5
Czechia,Japan,3,0,2,1
Czechia,Brazil,2,0,0,2
Czechia,Ghana,1,0,0,1
Czechia,Croatia,6,0,4,2
Czechia,Sweden,4,0,2,2
Czechia,Morocco,1,0,1,0
Czechia,Peru,1,0,1,0
Czechia,South Africa,1,0,1,0
Senegal,Cape Verde,9,9,0,0
Senegal,Mali,16,8,6,2
Senegal,Guinea,10,8,2,0
Senegal,Namibia,7,7,0,0
Senegal,Egypt,14,7,2,5
Senegal,Benin,9,7,2,0
Senegal,Congo,9,6,3,0
Senegal,DR Congo,10,6,3,1
Senegal,Algeria,21,5,5,11
Senegal,South Africa,10,5,3,2
Senegal,The Gambia,10,5,5,0
Senegal,Liberia,6,5,1,0
Senegal,Sudan,7,5,2,0
Senegal,Mauritania,8,5,2,1
Senegal,Cameroon,10,4,2,4
Senegal,Ivory Coast,14,4,2,8
Senegal,Zambia,11,4,4,3
Senegal,Mozambique,5,4,1,0
Senegal,Burkina Faso,13,4,7,2
Senegal,Kenya,5,4,1,0
Senegal,Uganda,8,4,3,1
Senegal,Burundi,4,4,0,0
Senegal,Nigeria,9,3,2,4
Senegal,Morocco,20,3,5,12
Senegal,Zimbabwe,4,3,0,1
Senegal,Gabon,4,3,1,0
Senegal,Ecuador,3,3,0,0
Senegal,Malawi,4,3,1,0
Senegal,Equat. Guinea,4,3,0,1
Senegal,Niger,3,3,0,0
Senegal,Madagascar,5,3,2,0
Senegal,Botswana,3,3,0,0
Senegal,Japan,4,2,2,0
Senegal,Ghana,7,2,3,2
Senegal,South Korea,4,2,1,1
Senegal,Tunisia,13,2,5,6
Senegal,Guinea-Bissau,2,2,0,0
Senegal,Togo,12,2,6,4
Senegal,Rwanda,3,2,1,0
Senegal,Bolivia,2,2,0,0
Senegal,Lesotho,2,2,0,0
Senegal,Mauritius,2,2,0,0
Senegal,Tanzania,3,2,1,0
Senegal,South Sudan,2,2,0,0
Senegal,England,2,1,0,1
Senegal,France,1,1,0,0
Senegal,Greece,1,1,0,0
Senegal,Brazil,3,1,1,1
Senegal,Norway,1,1,0,0
Senegal,Poland,1,1,0,0
Senegal,Sweden,1,1,0,0
Senegal,Peru,2,1,0,1
Senegal,Angola,5,1,3,1
Senegal,Sierra Leone,2,1,0,1
Senegal,Libya,4,1,1,2
Senegal,Central Africa,1,1,0,0
Senegal,Eswatini,2,1,1,0
Senegal,Ethiopia,1,1,0,0
Senegal,Qatar,1,1,0,0
Senegal,Oman,4,1,0,3
Senegal,Zaire,2,1,1,0
Senegal,Netherlands,1,0,0,1
Senegal,Turkiye,1,0,0,1
Senegal,Denmark,3,0,1,2
Senegal,Bosnia,1,0,1,0
Senegal,Uruguay,1,0,1,0
Senegal,USA,1,0,0,1
Senegal,Ireland,1,0,1,0
Senegal,Croatia,1,0,0,1
Senegal,Uzbekistan,1,0,1,0
Senegal,Luxembourg,1,0,1,0
Senegal,Iran,2,0,2,0
Senegal,Chile,1,0,0,1
Senegal,Saudi Arabia,2,0,0,2
Senegal,Colombia,3,0,1,2
Senegal,UAE,3,0,2,1
Senegal,China,2,0,1,1
Senegal,Mexico,2,0,0,2
Sweden,Finland,91,69,11,11
Sweden,Norway,110,58,25,27
Sweden,Denmark,108,46,20,42
Sweden,Estonia,23,20,3,0
Sweden,Hungary,44,18,10,16
Sweden,Poland,29,16,4,9
Sweden,Germany,37,13,8,16
Sweden,Austria,39,13,6,20
Sweden,Malta,13,13,0,0
Sweden,Iceland,17,12,3,2
Sweden,Switzerland,31,11,7,13
Sweden,Bulgaria,16,11,2,3
Sweden,Latvia,17,11,4,2
Sweden,Moldova,9,9,0,0
Sweden,Netherlands,25,8,5,12
Sweden,England,25,7,9,9
Sweden,Portugal,21,7,6,8
Sweden,Italy,25,7,7,11
Sweden,Israel,12,7,4,1
Sweden,France,23,6,5,12
Sweden,Scotland,12,6,1,5
Sweden,Romania,11,6,2,3
Sweden,Wales,7,6,1,0
Sweden,Mexico,11,6,3,2
Sweden,Belgium,17,5,3,9
Sweden,Russia,11,5,4,2
Sweden,Belarus,5,5,0,0
Sweden,Slovakia,9,5,4,0
Sweden,Ireland,11,5,3,3
Sweden,Luxembourg,7,5,1,1
Sweden,Algeria,6,5,1,0
Sweden,Cyprus,6,5,1,0
Sweden,Lithuania,5,5,0,0
Sweden,Azerbaijan,6,5,0,1
Sweden,USSR,18,5,6,7
Sweden,Spain,18,4,6,8
Sweden,Albania,6,4,1,1
Sweden,Liechtenstein,4,4,0,0
Sweden,N. Ireland,8,4,1,3
Sweden,Thailand,5,4,1,0
Sweden,Faroe Islands,5,4,1,0
Sweden,San Marino,4,4,0,0
Sweden,Yugoslavia,11,4,2,5
Sweden,Greece,10,3,4,3
Sweden,Turkiye,12,3,4,5
Sweden,USA,7,3,0,4
Sweden,South Korea,5,3,2,0
Sweden,Macedonia,3,3,0,0
Sweden,ČSR,16,3,4,9
Sweden,Kosovo,5,3,0,2
Sweden,Japan,5,2,2,1
Sweden,Brazil,15,2,3,10
Sweden,Nigeria,2,2,0,0
Sweden,Czechia,4,2,2,0
Sweden,Uruguay,3,2,0,1
Sweden,Croatia,6,2,0,4
Sweden,Slovenia,6,2,4,0
Sweden,Tunisia,4,2,1,1
Sweden,Egypt,4,2,0,2
Sweden,Ukraine,6,2,0,4
Sweden,Saudi Arabia,3,2,1,0
Sweden,China,3,2,1,0
Sweden,Kazakhstan,2,2,0,0
Sweden,Montenegro,3,2,1,0
Sweden,Qatar,3,2,1,0
Sweden,Denmark League,2,2,0,0
Sweden,Australia,5,1,2,2
Sweden,Argentina,3,1,1,1
Sweden,Serbia,5,1,0,4
Sweden,Bosnia,1,1,0,0
Sweden,Uzbekistan,1,1,0,0
Sweden,Paraguay,3,1,1,1
Sweden,Iran,1,1,0,0
Sweden,Ivory Coast,3,1,0,2
Sweden,Georgia,2,1,0,1
Sweden,Jamaica,2,1,1,0
Sweden,South Africa,3,1,1,1
Sweden,Cuba,1,1,0,0
Sweden,UAE,2,1,0,1
Sweden,Armenia,1,1,0,0
Sweden,Trinidad,2,1,1,0
Sweden,Bahrain,1,1,0,0
Sweden,Costa Rica,2,1,0,1
Sweden,New Zealand,1,1,0,0
Sweden,Oman,1,1,0,0
Sweden,Botswana,1,1,0,0
Sweden,Singapore,1,1,0,0
Sweden,North Korea,3,1,2,0
Sweden,Malaysia,1,1,0,0
Sweden,Barbados,1,1,0,0
Sweden,East Germany,6,1,1,4
Sweden,Norway U23,1,1,0,0
Sweden,Romania B,1,1,0,0
Sweden,E. Germany U23,1,1,0,0
Sweden,USA Amateur,1,1,0,0
Sweden,Cameroon,1,0,1,0
Sweden,Senegal,1,0,0,1
Sweden,Venezuela,1,0,0,1
Sweden,Peru,1,0,1,0
Sweden,Chile,2,0,1,1
Sweden,Colombia,2,0,2,0
Sweden,Ecuador,2,0,1,1
Sweden,Syria,1,0,1,0
Sweden,Jordan,1,0,1,0
Sweden,England B,3,0,0,3
Sweden,Great Britain,1,0,0,1
Sweden,Hungary,2,0,1,1
Switzerland,Netherlands,33,15,3,15
Switzerland,France,39,13,10,16
Switzerland,Sweden,31,13,7,11
Switzerland,Austria,43,12,6,25
Switzerland,Hungary,47,12,5,30
Switzerland,Portugal,26,11,5,10
Switzerland,Luxembourg,13,11,1,1
Switzerland,Germany,55,9,9,37
Switzerland,Italy,62,9,24,29
Switzerland,Greece,15,9,4,2
Switzerland,Belgium,30,9,6,15
Switzerland,Liechtenstein,9,9,0,0
Switzerland,Ireland,19,7,4,8
Switzerland,Iceland,8,7,1,0
Switzerland,Slovenia,11,7,2,2
Switzerland,ČSR,27,7,6,14
Switzerland,Bulgaria,12,6,4,2
Switzerland,Norway,20,6,6,8
Switzerland,Albania,7,6,1,0
Switzerland,Faroe Islands,6,6,0,0
Switzerland,Scotland,17,5,4,8
Switzerland,Turkiye,16,5,3,8
Switzerland,USA,10,5,4,1
Switzerland,Malta,7,5,2,0
Switzerland,Cyprus,8,5,1,2
Switzerland,Lithuania,5,5,0,0
Switzerland,Wales,8,5,1,2
Switzerland,Estonia,5,5,0,0
Switzerland,Romania,15,4,5,6
Switzerland,Belarus,5,4,1,0
Switzerland,Latvia,5,4,1,0
Switzerland,Mexico,6,4,1,1
Switzerland,San Marino,4,4,0,0
Switzerland,Andorra,4,4,0,0
Switzerland,England,28,3,5,20
Switzerland,Finland,6,3,0,3
Switzerland,Georgia,4,3,1,0
Switzerland,UAE,4,3,0,1
Switzerland,Israel,9,3,5,1
Switzerland,N. Ireland,9,3,4,2
Switzerland,Moldova,3,3,0,0
Switzerland,Spain,27,2,5,20
Switzerland,Japan,3,2,0,1
Switzerland,Denmark,15,2,8,5
Switzerland,Serbia,4,2,1,1
Switzerland,Brazil,10,2,4,4
Switzerland,Czechia,6,2,0,4
Switzerland,Algeria,2,2,0,0
Switzerland,Tunisia,3,2,1,0
Switzerland,Jamaica,2,2,0,0
Switzerland,Chile,4,2,0,2
Switzerland,Oman,2,2,0,0
Switzerland,Yugoslavia,13,2,5,6
Switzerland,Gibraltar,2,2,0,0
Switzerland,Cameroon,1,1,0,0
Switzerland,Poland,11,1,5,5
Switzerland,Slovakia,3,1,0,2
Switzerland,Venezuela,1,1,0,0
Switzerland,Croatia,4,1,2,1
Switzerland,Panama,1,1,0,0
Switzerland,Peru,1,1,0,0
Switzerland,South Korea,2,1,0,1
Switzerland,Honduras,2,1,1,0
Switzerland,Egypt,1,1,0,0
Switzerland,Ukraine,4,1,1,2
Switzerland,Togo,1,1,0,0
Switzerland,Colombia,4,1,1,2
Switzerland,China,1,1,0,0
Switzerland,Ecuador,1,1,0,0
Switzerland,Costa Rica,3,1,1,1
Switzerland,Azerbaijan,2,1,0,1
Switzerland,Montenegro,2,1,0,1
Switzerland,Jordan,1,1,0,0
Switzerland,Kosovo,5,1,4,0
Switzerland,Australia,1,0,1,0
Switzerland,Argentina,7,0,2,5
Switzerland,Ghana,1,0,0,1
Switzerland,Nigeria,1,0,0,1
Switzerland,Bosnia,1,0,0,1
Switzerland,Russia,5,0,1,4
Switzerland,Uruguay,4,0,1,3
Switzerland,Canada,1,0,0,1
Switzerland,Morocco,2,0,0,2
Switzerland,Zimbabwe,1,0,0,1
Switzerland,Ivory Coast,2,0,1,1
Switzerland,Bolivia,1,0,1,0
Switzerland,Kenya,1,0,1,0
Switzerland,Qatar,1,0,0,1
Switzerland,East Germany,5,0,1,4
Switzerland,USSR,7,0,3,4
Switzerland,Saar,1,0,1,0
Switzerland,England B,1,0,0,1
Switzerland,England Ama.,3,0,0,3
Tunisia,Egypt,26,13,4,9
Tunisia,Libya,14,11,1,2
Tunisia,Algeria,32,9,11,12
Tunisia,Mauritania,14,9,5,0
Tunisia,Zambia,13,8,3,2
Tunisia,Equat. Guinea,11,7,1,3
Tunisia,Nigeria,18,6,6,6
Tunisia,Senegal,13,6,5,2
Tunisia,Mali,14,6,3,5
Tunisia,Togo,8,6,2,0
Tunisia,DR Congo,9,6,3,0
Tunisia,Liberia,8,6,1,1
Tunisia,Ghana,18,5,4,9
Tunisia,Morocco,31,5,16,10
Tunisia,Guinea,12,5,4,3
Tunisia,UAE,5,5,0,0
Tunisia,Kenya,6,5,1,0
Tunisia,Sudan,6,5,0,1
Tunisia,Madagascar,5,5,0,0
Tunisia,Botswana,9,5,2,2
Tunisia,Seychelles,4,4,0,0
Tunisia,Namibia,6,4,1,1
Tunisia,Ivory Coast,18,4,7,7
Tunisia,Congo,5,4,1,0
Tunisia,Saudi Arabia,7,4,1,2
Tunisia,Rwanda,4,4,0,0
Tunisia,Gabon,9,4,4,1
Tunisia,Malawi,9,4,3,2
Tunisia,Uganda,4,4,0,0
Tunisia,Niger,5,4,1,0
Tunisia,Iraq,4,3,0,1
Tunisia,Angola,7,3,4,0
Tunisia,Malta,10,3,3,4
Tunisia,South Africa,7,3,1,3
Tunisia,Cape Verde,4,3,1,0
Tunisia,Burundi,3,3,0,0
Tunisia,Iran,4,2,2,0
Tunisia,Benin,2,2,0,0
Tunisia,Burkina Faso,8,2,2,4
Tunisia,Swaziland,2,2,0,0
Tunisia,Chad,2,2,0,0
Tunisia,São Tomé and P.,2,2,0,0
Tunisia,Djibouti,2,2,0,0
Tunisia,France,5,1,2,2
Tunisia,Belgium,5,1,1,3
Tunisia,Bulgaria,2,1,1,0
Tunisia,Kuwait,1,1,0,0
Tunisia,Australia,3,1,0,2
Tunisia,Cameroon,13,1,7,5
Tunisia,Japan,6,1,0,5
Tunisia,Poland,3,1,0,2
Tunisia,Bosnia,1,1,0,0
Tunisia,Belarus,1,1,0,0
Tunisia,Canada,2,1,1,0
Tunisia,Latvia,1,1,0,0
Tunisia,Croatia,2,1,0,1
Tunisia,Sweden,4,1,1,2
Tunisia,Iceland,1,1,0,0
Tunisia,Panama,1,1,0,0
Tunisia,Zimbabwe,2,1,1,0
Tunisia,South Korea,3,1,1,1
Tunisia,Chile,2,1,0,1
Tunisia,Wales,1,1,0,0
Tunisia,Mozambique,3,1,1,1
Tunisia,China,3,1,1,1
Tunisia,The Gambia,4,1,0,3
Tunisia,Sierra Leone,4,1,3,0
Tunisia,Mexico,1,1,0,0
Tunisia,Bahrain,2,1,0,1
Tunisia,Costa Rica,1,1,0,0
Tunisia,New Zealand,1,1,0,0
Tunisia,Central Africa,1,1,0,0
Tunisia,Ethiopia,4,1,1,2
Tunisia,Haiti,1,1,0,0
Tunisia,Qatar,3,1,0,2
Tunisia,Oman,3,1,1,1
Tunisia,Mauritius,2,1,1,0
Tunisia,Tanzania,3,1,2,0
Tunisia,Chinese Taipei,1,1,0,0
Tunisia,Jordan,2,1,1,0
Tunisia,Comoros,3,1,1,1
Tunisia,Yugoslavia,5,1,0,4
Tunisia,Germany,3,0,2,1
Tunisia,England,3,0,1,2
Tunisia,Portugal,2,0,2,0
Tunisia,Spain,2,0,0,2
Tunisia,Italy,1,0,0,1
Tunisia,Netherlands,3,0,2,1
Tunisia,Turkiye,5,0,4,1
Tunisia,Austria,3,0,1,2
Tunisia,Switzerland,3,0,1,2
Tunisia,Denmark,2,0,1,1
Tunisia,Argentina,1,0,0,1
Tunisia,Brazil,3,0,1,2
Tunisia,Norway,2,0,1,1
Tunisia,Finland,3,0,1,2
Tunisia,Romania,1,0,1,0
Tunisia,Russia,1,0,0,1
Tunisia,Uruguay,1,0,0,1
Tunisia,USA,1,0,1,0
Tunisia,Ireland,1,0,0,1
Tunisia,Peru,1,0,1,0
Tunisia,Slovenia,2,0,1,1
Tunisia,Georgia,2,0,1,1
Tunisia,Ukraine,1,0,0,1
Tunisia,Colombia,2,0,1,1
Tunisia,Syria,5,0,1,4
Tunisia,India,1,0,1,0
Tunisia,East Germany,4,0,0,4
Tunisia,USSR,1,0,0,1
Tunisia,Palestine,1,0,1,0
Tunisia,USSR U23,1,0,0,1
Tunisia,Serbia-Mont.,1,0,0,1
Tunisia,Zaire,1,0,1,0
Tunisia,France B,1,0,1,0
Tunisia,USSR,1,0,0,1
Tunisia,Austria B,1,0,0,1
Türkiye,Moldova,12,10,2,0
Türkiye,Bulgaria,25,9,6,10
Türkiye,Greece,11,8,2,1
Türkiye,Austria,18,8,1,9
Türkiye,Switzerland,16,8,3,5
Türkiye,Luxembourg,9,7,1,1
Türkiye,Czechia,12,6,1,5
Türkiye,Romania,27,6,7,14
Türkiye,Hungary,19,6,2,11
Türkiye,Albania,12,6,2,4
Türkiye,Georgia,8,6,1,1
Türkiye,North Macedonia,9,6,2,1
Türkiye,Azerbaijan,8,6,1,1
Türkiye,Kazakhstan,6,6,0,0
Türkiye,Norway,11,5,3,3
Türkiye,Finland,15,5,4,6
Türkiye,Sweden,12,5,4,3
Türkiye,Iran,7,5,2,0
Türkiye,Malta,6,5,1,0
Türkiye,N. Ireland,12,5,2,5
Türkiye,Estonia,8,5,3,0
Türkiye,Germany,22,4,4,14
Türkiye,Netherlands,15,4,4,7
Türkiye,Slovakia,6,4,1,1
Türkiye,Latvia,10,4,5,1
Türkiye,Iceland,15,4,3,8
Türkiye,South Korea,7,4,2,1
Türkiye,Ukraine,9,4,3,2
Türkiye,Israel,6,4,0,2
Türkiye,Andorra,4,4,0,0
Türkiye,Belgium,11,3,5,3
Türkiye,Poland,18,3,3,12
Türkiye,Ireland,14,3,6,5
Türkiye,Croatia,12,3,5,4
Türkiye,Honduras,3,3,0,0
Türkiye,Egypt,5,3,0,2
Türkiye,Saudi Arabia,3,3,0,0
Türkiye,Wales,11,3,4,4
Türkiye,Armenia,4,3,1,0
Türkiye,San Marino,4,3,1,0
Türkiye,Montenegro,6,3,2,1
Türkiye,Pakistan,4,3,1,0
Türkiye,East Germany,5,3,1,1
Türkiye,Kosovo,3,3,0,0
Türkiye,Portugal,10,2,0,8
Türkiye,Scotland,2,2,0,0
Türkiye,Australia,2,2,0,0
Türkiye,Denmark,10,2,5,3
Türkiye,Bosnia,6,2,2,2
Türkiye,Belarus,4,2,1,1
Türkiye,USA,5,2,1,2
Türkiye,Canada,2,2,0,0
Türkiye,Chile,3,2,1,0
Türkiye,Lithuania,2,2,0,0
Türkiye,China,2,2,0,0
Türkiye,Liechtenstein,2,2,0,0
Türkiye,USSR,14,2,0,12
Türkiye,Gibraltar,2,2,0,0
Türkiye,Spain,13,1,5,7
Türkiye,France,6,1,1,4
Türkiye,Japan,3,1,0,2
Türkiye,Russia,8,1,3,4
Türkiye,Senegal,1,1,0,0
Türkiye,Uzbekistan,1,1,0,0
Türkiye,Angola,1,1,0,0
Türkiye,Slovenia,2,1,0,1
Türkiye,Algeria,3,1,0,2
Türkiye,Tunisia,5,1,4,0
Türkiye,Colombia,1,1,0,0
Türkiye,New Zealand,1,1,0,0
Türkiye,Faroe Islands,3,1,1,1
Türkiye,Syria,1,1,0,0
Türkiye,Ethiopia,2,1,1,0
Türkiye,Qatar,1,1,0,0
Türkiye,Malaysia,1,1,0,0
Türkiye,ČSR,10,1,2,7
Türkiye,Yugoslavia,10,1,3,6
Türkiye,USSR U21,1,1,0,0
Türkiye,England,11,0,2,9
Türkiye,Italy,13,0,4,9
Türkiye,Cameroon,1,0,0,1
Türkiye,Serbia,2,0,2,0
Türkiye,Brazil,6,0,2,4
Türkiye,Ghana,2,0,2,0
Türkiye,Uruguay,1,0,0,1
Türkiye,Iraq,1,0,1,0
Türkiye,Paraguay,1,0,1,0
Türkiye,Ivory Coast,1,0,1,0
Türkiye,South Africa,1,0,0,1
Türkiye,Guinea,1,0,1,0
Türkiye,Ecuador,1,0,0,1
Türkiye,Mexico,1,0,0,1
Türkiye,Libya,1,0,0,1
Türkiye,Costa Rica,1,0,1,0
Türkiye,France B,2,0,1,1
Türkiye,Italy B,3,0,1,2
Uruguay,Argentina,195,60,45,90
Uruguay,Chile,67,38,13,16
Uruguay,Peru,55,31,10,14
Uruguay,Ecuador,46,29,9,8
Uruguay,Bolivia,43,28,7,8
Uruguay,Paraguay,55,26,11,18
Uruguay,Brazil,81,23,18,40
Uruguay,Venezuela,35,20,10,5
Uruguay,Colombia,43,20,11,12
Uruguay,Mexico,20,8,5,7
Uruguay,South Korea,10,7,2,1
Uruguay,Costa Rica,13,7,3,3
Uruguay,England,12,5,4,3
Uruguay,Panama,5,5,0,0
Uruguay,Italy,11,4,3,4
Uruguay,Israel,6,4,1,1
Uruguay,France,10,3,4,3
Uruguay,Netherlands,6,3,1,2
Uruguay,Switzerland,4,3,1,0
Uruguay,Australia,8,3,1,4
Uruguay,Japan,8,3,3,2
Uruguay,USA,10,3,4,3
Uruguay,Uzbekistan,3,3,0,0
Uruguay,Scotland,4,2,1,1
Uruguay,Ghana,2,2,0,0
Uruguay,Finland,2,2,0,0
Uruguay,Czechia,3,2,0,1
Uruguay,Romania,5,2,2,1
Uruguay,Ireland,4,2,1,1
Uruguay,Canada,2,2,0,0
Uruguay,Slovenia,2,2,0,0
Uruguay,Jamaica,3,2,0,1
Uruguay,Egypt,2,2,0,0
Uruguay,South Africa,3,2,1,0
Uruguay,China,4,2,1,1
Uruguay,N. Ireland,4,2,0,2
Uruguay,Libya,2,2,0,0
Uruguay,ČSR,3,2,0,1
Uruguay,Yugoslavia,5,2,0,3
Uruguay,Germany,11,1,2,8
Uruguay,Portugal,4,1,1,2
Uruguay,Turkiye,1,1,0,0
Uruguay,Austria,4,1,1,2
Uruguay,Norway,2,1,1,0
Uruguay,Poland,4,1,2,1
Uruguay,Nigeria,1,1,0,0
Uruguay,Russia,2,1,1,0
Uruguay,Hungary,4,1,2,1
Uruguay,Sweden,3,1,0,2
Uruguay,Iraq,1,1,0,0
Uruguay,Morocco,1,1,0,0
Uruguay,Luxembourg,1,1,0,0
Uruguay,Angola,1,1,0,0
Uruguay,Tunisia,1,1,0,0
Uruguay,Ukraine,1,1,0,0
Uruguay,Saudi Arabia,3,1,1,1
Uruguay,Cuba,1,1,0,0
Uruguay,Wales,2,1,1,0
Uruguay,UAE,1,1,0,0
Uruguay,Thailand,1,1,0,0
Uruguay,Estonia,2,1,0,1
Uruguay,Trinidad,1,1,0,0
Uruguay,Guatemala,2,1,1,0
Uruguay,Indonesia,1,1,0,0
Uruguay,Oman,1,1,0,0
Uruguay,Dominican Rep.,1,1,0,0
Uruguay,Nicaragua,1,1,0,0
Uruguay,Singapore,1,1,0,0
Uruguay,Jordan,2,1,1,0
Uruguay,East Germany,6,1,2,3
Uruguay,USSR,7,1,0,6
Uruguay,Tahiti,1,1,0,0
Uruguay,Saar,1,1,0,0
Uruguay,Spain,10,0,5,5
Uruguay,Belgium,2,0,0,2
Uruguay,Bulgaria,1,0,1,0
Uruguay,Denmark,2,0,0,2
Uruguay,Bosnia,1,0,0,1
Uruguay,Senegal,1,0,1,0
Uruguay,Iran,2,0,1,1
Uruguay,Honduras,2,0,0,2
Uruguay,Ivory Coast,1,0,0,1
Uruguay,Algeria,2,0,1,1
Uruguay,Georgia,1,0,0,1
Uruguay,Serbia-Mont.,1,0,1,0
Uzbekistan,Kyrgyzstan,13,13,0,0
Uzbekistan,Turkmenistan,14,12,1,1
Uzbekistan,Qatar,17,10,2,5
Uzbekistan,North Korea,11,9,1,1
Uzbekistan,China,14,8,1,5
Uzbekistan,Chinese Taipei,7,7,0,0
Uzbekistan,Jordan,14,7,4,3
Uzbekistan,Tajikistan,10,6,3,1
Uzbekistan,Malaysia,6,6,0,0
Uzbekistan,Yemen,6,6,0,0
Uzbekistan,Hong Kong,9,6,3,0
Uzbekistan,Iraq,11,5,3,3
Uzbekistan,UAE,19,5,5,9
Uzbekistan,Thailand,9,5,0,4
Uzbekistan,India,6,5,1,0
Uzbekistan,Kuwait,7,4,1,2
Uzbekistan,Lebanon,6,4,2,0
Uzbekistan,Saudi Arabia,12,4,1,7
Uzbekistan,Bahrain,11,4,4,3
Uzbekistan,Singapore,4,4,0,0
Uzbekistan,Palestine,5,4,0,1
Uzbekistan,Iran,18,3,5,10
Uzbekistan,Vietnam,3,3,0,0
Uzbekistan,Kazakhstan,7,3,3,1
Uzbekistan,Oman,8,3,1,4
Uzbekistan,Bangladesh,3,3,0,0
Uzbekistan,Azerbaijan,10,2,4,4
Uzbekistan,Syria,7,2,2,3
Uzbekistan,Philippines,2,2,0,0
Uzbekistan,Sri Lanka,2,2,0,0
Uzbekistan,Mongolia,2,2,0,0
Uzbekistan,Cambodia,2,2,0,0
Uzbekistan,Cameroon,1,1,0,0
Uzbekistan,Japan,11,1,3,7
Uzbekistan,Bosnia,2,1,1,0
Uzbekistan,Venezuela,2,1,1,0
Uzbekistan,Latvia,1,1,0,0
Uzbekistan,South Korea,16,1,4,11
Uzbekistan,Egypt,1,1,0,0
Uzbekistan,Bolivia,1,1,0,0
Uzbekistan,Gabon,1,1,0,0
Uzbekistan,Burkina Faso,1,1,0,0
Uzbekistan,New Zealand,1,1,0,0
Uzbekistan,Uganda,1,1,0,0
Uzbekistan,Indonesia,2,1,1,0
Uzbekistan,Maldives,1,1,0,0
Uzbekistan,Israel U21,1,1,0,0
Uzbekistan,South Sudan,1,1,0,0
Uzbekistan,Belarus 2,1,1,0,0
Uzbekistan,Turkiye,1,0,0,1
Uzbekistan,Bulgaria,1,0,1,0
Uzbekistan,Australia,5,0,1,4
Uzbekistan,Nigeria,2,0,0,2
Uzbekistan,Russia,1,0,1,0
Uzbekistan,Uruguay,3,0,0,3
Uzbekistan,Belarus,3,0,1,2
Uzbekistan,Senegal,1,0,1,0
Uzbekistan,Slovakia,1,0,0,1
Uzbekistan,USA,1,0,0,1
Uzbekistan,Canada,2,0,0,2
Uzbekistan,Sweden,1,0,0,1
Uzbekistan,Albania,1,0,0,1
Uzbekistan,Morocco,1,0,0,1
Uzbekistan,Georgia,2,0,1,1
Uzbekistan,Ukraine,2,0,0,2
Uzbekistan,Israel,1,0,0,1
Uzbekistan,Estonia,2,0,2,0
Uzbekistan,Armenia,2,0,0,2
Uzbekistan,Mexico,1,0,1,0
Uzbekistan,Costa Rica,1,0,0,1
Uzbekistan,Montenegro,1,0,0,1
